,ITEMID,ITEMNAME,DESCRIPTION,QUANTITY,LOCATON
S,1,Solder,Lead-Alloy,Available,Secondary
S,2,Solder,Lead-Alloy,Used,None
S,3,Solder,Lead-Alloy,Available,Secondary
S,4,Solder,Lead-Alloy,Used,None
S,5,Solder,Lead-Alloy,Available,Primary
S,6,Solder,Lead-Alloy,Available,Primary
S,7,Solder,Lead-Alloy,Available,Primary
S,8,Solder,Lead-Alloy,Used,None
S,9,Solder,Lead-Alloy,Used,None
S,10,Solder,Lead-Alloy,Used,None
S,11,Solder,Lead-Alloy,Available,Primary
S,12,Solder,Lead-Alloy,Available,Primary
S,13,Solder,Lead-Alloy,Available,Primary
S,14,Solder,Lead-Alloy,Used,None
S,15,Solder,Lead-Alloy,Available,Primary
S,16,Solder,Lead-Alloy,Available,Secondary
S,17,Solder,Lead-Alloy,Used,None
S,18,Solder,Lead-Alloy,Used,None
S,19,Solder,Lead-Alloy,Available,Secondary
S,20,Solder,Lead-Alloy,Available,Secondary
S,21,Solder,Lead-Alloy,Available,Secondary
S,22,Solder,Lead-Alloy,Available,Secondary
S,23,Solder,Lead-Alloy,Available,Secondary
S,24,Solder,Lead-Alloy,Available,Primary
S,25,Solder,Lead-Alloy,Available,Primary
S,26,Solder,Lead-Alloy,Available,Secondary
S,27,Solder,Lead-Alloy,Available,Secondary
S,28,Solder,Lead-Alloy,Used,None
S,29,Solder,Lead-Alloy,Available,Secondary
S,30,Solder,Lead-Alloy,Available,Primary
S,31,Solder,Lead-Alloy,Available,Primary
S,32,Solder,Lead-Alloy,Available,Primary
S,33,Solder,Lead-Alloy,Used,None
S,34,Solder,Lead-Alloy,Available,Secondary
S,35,Solder,Lead-Alloy,Used,None
S,36,Solder,Lead-Alloy,Used,None
S,37,Solder,Lead-Alloy,Used,None
S,38,Solder,Lead-Alloy,Available,Secondary
S,39,Solder,Lead-Alloy,Available,Primary
S,40,Solder,Lead-Alloy,Available,Secondary
S,41,Solder,Lead-Alloy,Available,Primary
S,42,Solder,Lead-Alloy,Available,Primary
S,43,Solder,Lead-Alloy,Used,None
S,44,Solder,Lead-Alloy,Available,Primary
S,45,Solder,Lead-Alloy,Used,None
S,46,Solder,Lead-Alloy,Available,Secondary
S,47,Solder,Lead-Alloy,Used,None
S,48,Solder,Lead-Alloy,Used,None
S,49,Solder,Lead-Alloy,Available,Secondary
S,50,Solder,Lead-Alloy,Available,Primary
S,51,Solder,Lead-Alloy,Available,Primary
S,52,Solder,Lead-Alloy,Available,Primary
S,53,Solder,Lead-Alloy,Used,None
S,54,Solder,Lead-Alloy,Used,None
S,55,Solder,Lead-Alloy,Used,None
S,56,Solder,Lead-Alloy,Used,None
S,57,Solder,Lead-Alloy,Available,Primary
S,58,Solder,Lead-Alloy,Used,None
S,59,Solder,Lead-Alloy,Available,Primary
S,60,Solder,Lead-Alloy,Used,None
S,61,Solder,Lead-Alloy,Used,None
S,62,Solder,Lead-Alloy,Used,None
S,63,Solder,Lead-Alloy,Used,None
S,64,Solder,Lead-Alloy,Available,Secondary
S,65,Solder,Lead-Alloy,Available,Secondary
S,66,Solder,Lead-Alloy,Used,None
S,67,Solder,Lead-Alloy,Available,Secondary
S,68,Solder,Lead-Alloy,Used,None
S,69,Solder,Lead-Alloy,Used,None
S,70,Solder,Lead-Alloy,Used,None
S,71,Solder,Lead-Alloy,Available,Secondary
S,72,Solder,Lead-Alloy,Available,Primary
S,73,Solder,Lead-Alloy,Used,None
S,74,Solder,Lead-Alloy,Used,None
S,75,Solder,Lead-Alloy,Used,None
S,76,Solder,Lead-Alloy,Available,Secondary
S,77,Solder,Lead-Alloy,Available,Secondary
S,78,Solder,Lead-Alloy,Available,Secondary
S,79,Solder,Lead-Alloy,Used,None
S,80,Solder,Lead-Alloy,Used,None
S,81,Solder,Lead-Alloy,Available,Primary
S,82,Solder,Lead-Alloy,Used,None
S,83,Solder,Lead-Alloy,Used,None
S,84,Solder,Lead-Alloy,Used,None
S,85,Solder,Lead-Alloy,Available,Primary
S,86,Solder,Lead-Alloy,Used,None
S,87,Solder,Lead-Alloy,Used,None
S,88,Solder,Lead-Alloy,Used,None
S,89,Solder,Lead-Alloy,Used,None
S,90,Solder,Lead-Alloy,Available,Primary
S,91,Solder,Lead-Alloy,Available,Secondary
S,92,Solder,Lead-Alloy,Used,None
S,93,Solder,Lead-Alloy,Used,None
S,94,Solder,Lead-Alloy,Available,Secondary
S,95,Solder,Lead-Alloy,Available,Primary
S,96,Solder,Lead-Alloy,Used,None
S,97,Solder,Lead-Alloy,Available,Primary
S,98,Solder,Lead-Alloy,Used,None
S,99,Solder,Lead-Alloy,Available,Primary
S,100,Solder,Lead-Alloy,Used,None
S,101,Solder,Lead-Alloy,Used,None
S,102,Solder,Lead-Alloy,Available,Secondary
S,103,Solder,Lead-Alloy,Used,None
S,104,Solder,Lead-Alloy,Used,None
S,105,Solder,Lead-Alloy,Used,None
S,106,Solder,Lead-Alloy,Used,None
S,107,Solder,Lead-Alloy,Available,Primary
S,108,Solder,Lead-Alloy,Available,Secondary
S,109,Solder,Lead-Alloy,Used,None
S,110,Solder,Lead-Alloy,Available,Secondary
S,111,Solder,Lead-Alloy,Available,Primary
S,112,Solder,Lead-Alloy,Available,Secondary
S,113,Solder,Lead-Alloy,Available,Primary
S,114,Solder,Lead-Alloy,Available,Secondary
S,115,Solder,Lead-Alloy,Used,None
S,116,Solder,Lead-Alloy,Available,Primary
S,117,Solder,Lead-Alloy,Available,Secondary
S,118,Solder,Lead-Alloy,Available,Primary
S,119,Solder,Lead-Alloy,Available,Secondary
S,120,Solder,Lead-Alloy,Used,None
S,121,Solder,Lead-Alloy,Available,Secondary
S,122,Solder,Lead-Alloy,Available,Primary
S,123,Solder,Lead-Alloy,Used,None
S,124,Solder,Lead-Alloy,Available,Primary
S,125,Solder,Lead-Alloy,Available,Primary
S,126,Solder,Lead-Alloy,Available,Secondary
S,127,Solder,Lead-Alloy,Used,None
S,128,Solder,Lead-Alloy,Used,None
S,129,Solder,Lead-Alloy,Available,Secondary
S,130,Solder,Lead-Alloy,Used,None
S,131,Solder,Lead-Alloy,Used,None
S,132,Solder,Lead-Alloy,Available,Primary
S,133,Solder,Lead-Alloy,Used,None
S,134,Solder,Lead-Alloy,Used,None
S,135,Solder,Lead-Alloy,Available,Primary
S,136,Solder,Lead-Alloy,Available,Primary
S,137,Solder,Lead-Alloy,Available,Secondary
S,138,Solder,Lead-Alloy,Used,None
S,139,Solder,Lead-Alloy,Used,None
S,140,Solder,Lead-Alloy,Available,Primary
S,141,Solder,Lead-Alloy,Used,None
S,142,Solder,Lead-Alloy,Used,None
S,143,Solder,Lead-Alloy,Used,None
S,144,Solder,Lead-Alloy,Used,None
S,145,Solder,Lead-Alloy,Available,Secondary
S,146,Solder,Lead-Alloy,Available,Secondary
S,147,Solder,Lead-Alloy,Used,None
S,148,Solder,Lead-Alloy,Available,Primary
S,149,Solder,Lead-Alloy,Available,Primary
S,150,Solder,Lead-Alloy,Used,None
S,151,Solder,Lead-Alloy,Available,Secondary
S,152,Solder,Lead-Alloy,Used,None
S,153,Solder,Lead-Alloy,Available,Primary
S,154,Solder,Lead-Alloy,Available,Secondary
S,155,Solder,Lead-Alloy,Available,Secondary
S,156,Solder,Lead-Alloy,Used,None
S,157,Solder,Lead-Alloy,Available,Secondary
S,158,Solder,Lead-Alloy,Used,None
S,159,Solder,Lead-Alloy,Used,None
S,160,Solder,Lead-Alloy,Used,None
S,161,Solder,Lead-Alloy,Available,Secondary
S,162,Solder,Lead-Alloy,Used,None
S,163,Solder,Lead-Alloy,Available,Secondary
S,164,Solder,Lead-Alloy,Available,Primary
S,165,Solder,Lead-Alloy,Available,Primary
S,166,Solder,Lead-Alloy,Used,None
S,167,Solder,Lead-Alloy,Available,Secondary
S,168,Solder,Lead-Alloy,Used,None
S,169,Solder,Lead-Alloy,Used,None
S,170,Solder,Lead-Alloy,Available,Primary
S,171,Solder,Lead-Alloy,Used,None
S,172,Solder,Lead-Alloy,Used,None
S,173,Solder,Lead-Alloy,Used,None
S,174,Solder,Lead-Alloy,Used,None
S,175,Solder,Lead-Alloy,Used,None
S,176,Solder,Lead-Alloy,Used,None
S,177,Solder,Lead-Alloy,Available,Secondary
S,178,Solder,Lead-Alloy,Available,Secondary
S,179,Solder,Lead-Alloy,Available,Secondary
S,180,Solder,Lead-Alloy,Used,None
S,181,Solder,Lead-Alloy,Used,None
S,182,Solder,Lead-Alloy,Available,Secondary
S,183,Solder,Lead-Alloy,Used,None
S,184,Solder,Lead-Alloy,Available,Secondary
S,185,Solder,Lead-Alloy,Used,None
S,186,Solder,Lead-Alloy,Used,None
S,187,Solder,Lead-Alloy,Available,Primary
S,188,Solder,Lead-Alloy,Available,Secondary
S,189,Solder,Lead-Alloy,Available,Primary
S,190,Solder,Lead-Alloy,Available,Primary
S,191,Solder,Lead-Alloy,Available,Secondary
S,192,Solder,Lead-Alloy,Available,Secondary
S,193,Solder,Lead-Alloy,Used,None
S,194,Solder,Lead-Alloy,Available,Primary
S,195,Solder,Lead-Alloy,Used,None
S,196,Solder,Lead-Alloy,Used,None
S,197,Solder,Lead-Alloy,Available,Primary
S,198,Solder,Lead-Alloy,Available,Primary
S,199,Solder,Lead-Alloy,Used,None
S,200,Solder,Lead-Alloy,Used,None
S,201,Solder,Lead-Alloy,Used,None
S,202,Solder,Lead-Alloy,Available,Primary
S,203,Solder,Lead-Alloy,Available,Secondary
S,204,Solder,Lead-Alloy,Available,Secondary
S,205,Solder,Lead-Alloy,Available,Primary
S,206,Solder,Lead-Alloy,Available,Secondary
S,207,Solder,Lead-Alloy,Available,Primary
S,208,Solder,Lead-Alloy,Available,Primary
S,209,Solder,Lead-Alloy,Available,Secondary
S,210,Solder,Lead-Alloy,Available,Primary
S,211,Solder,Lead-Alloy,Used,None
S,212,Solder,Lead-Alloy,Used,None
S,213,Solder,Lead-Alloy,Available,Secondary
S,214,Solder,Lead-Alloy,Available,Secondary
S,215,Solder,Lead-Alloy,Used,None
S,216,Solder,Lead-Alloy,Used,None
S,217,Solder,Lead-Alloy,Available,Primary
S,218,Solder,Lead-Alloy,Used,None
S,219,Solder,Lead-Alloy,Available,Primary
S,220,Solder,Lead-Alloy,Available,Primary
S,221,Solder,Lead-Alloy,Used,None
S,222,Solder,Lead-Alloy,Available,Primary
S,223,Solder,Lead-Alloy,Available,Secondary
S,224,Solder,Lead-Alloy,Available,Secondary
S,225,Solder,Lead-Alloy,Available,Secondary
S,226,Solder,Lead-Alloy,Used,None
S,227,Solder,Lead-Alloy,Available,Secondary
S,228,Solder,Lead-Alloy,Used,None
S,229,Solder,Lead-Alloy,Used,None
S,230,Solder,Lead-Alloy,Available,Primary
S,231,Solder,Lead-Alloy,Used,None
S,232,Solder,Lead-Alloy,Available,Secondary
S,233,Solder,Lead-Alloy,Used,None
S,234,Solder,Lead-Alloy,Available,Secondary
S,235,Solder,Lead-Alloy,Used,None
S,236,Solder,Lead-Alloy,Used,None
S,237,Solder,Lead-Alloy,Available,Primary
S,238,Solder,Lead-Alloy,Used,None
S,239,Solder,Lead-Alloy,Available,Secondary
S,240,Solder,Lead-Alloy,Used,None
S,241,Solder,Lead-Alloy,Available,Primary
S,242,Solder,Lead-Alloy,Available,Secondary
S,243,Solder,Lead-Alloy,Used,None
S,244,Solder,Lead-Alloy,Used,None
S,245,Solder,Lead-Alloy,Used,None
S,246,Solder,Lead-Alloy,Used,None
S,247,Solder,Lead-Alloy,Used,None
S,248,Solder,Lead-Alloy,Used,None
S,249,Solder,Lead-Alloy,Available,Secondary
S,250,Solder,Lead-Alloy,Used,None
S,251,Solder,Lead-Alloy,Used,None
S,252,Solder,Lead-Alloy,Used,None
S,253,Solder,Lead-Alloy,Available,Secondary
S,254,Solder,Lead-Alloy,Used,None
S,255,Solder,Lead-Alloy,Used,None
S,256,Solder,Lead-Alloy,Available,Secondary
S,257,Solder,Lead-Alloy,Available,Secondary
S,258,Solder,Lead-Alloy,Available,Primary
S,259,Solder,Lead-Alloy,Used,None
S,260,Solder,Lead-Alloy,Used,None
S,261,Solder,Lead-Alloy,Used,None
S,262,Solder,Lead-Alloy,Used,None
S,263,Solder,Lead-Alloy,Used,None
S,264,Solder,Lead-Alloy,Used,None
S,265,Solder,Lead-Alloy,Available,Primary
S,266,Solder,Lead-Alloy,Used,None
S,267,Solder,Lead-Alloy,Used,None
S,268,Solder,Lead-Alloy,Used,None
S,269,Solder,Lead-Alloy,Used,None
S,270,Solder,Lead-Alloy,Used,None
S,271,Solder,Lead-Alloy,Available,Primary
S,272,Solder,Lead-Alloy,Available,Secondary
S,273,Solder,Lead-Alloy,Used,None
S,274,Solder,Lead-Alloy,Available,Secondary
S,275,Solder,Lead-Alloy,Used,None
S,276,Solder,Lead-Alloy,Used,None
S,277,Solder,Lead-Alloy,Available,Primary
S,278,Solder,Lead-Alloy,Used,None
S,279,Solder,Lead-Alloy,Used,None
S,280,Solder,Lead-Alloy,Used,None
S,281,Solder,Lead-Alloy,Available,Primary
S,282,Solder,Lead-Alloy,Available,Secondary
S,283,Solder,Lead-Alloy,Available,Primary
S,284,Solder,Lead-Alloy,Used,None
S,285,Solder,Lead-Alloy,Used,None
S,286,Solder,Lead-Alloy,Used,None
S,287,Solder,Lead-Alloy,Used,None
S,288,Solder,Lead-Alloy,Used,None
S,289,Solder,Lead-Alloy,Used,None
S,290,Solder,Lead-Alloy,Used,None
S,291,Solder,Lead-Alloy,Available,Secondary
S,292,Solder,Lead-Alloy,Available,Secondary
S,293,Solder,Lead-Alloy,Used,None
S,294,Solder,Lead-Alloy,Used,None
S,295,Solder,Lead-Alloy,Available,Secondary
S,296,Solder,Lead-Alloy,Available,Primary
S,297,Solder,Lead-Alloy,Available,Secondary
S,298,Solder,Lead-Alloy,Available,Secondary
S,299,Solder,Lead-Alloy,Available,Secondary
S,300,Solder,Lead-Alloy,Used,None
S,301,Solder,Lead-Alloy,Used,None
S,302,Solder,Lead-Alloy,Used,None
S,303,Solder,Lead-Alloy,Used,None
S,304,Solder,Lead-Alloy,Available,Primary
S,305,Solder,Lead-Alloy,Used,None
S,306,Solder,Lead-Alloy,Available,Secondary
S,307,Solder,Lead-Alloy,Used,None
S,308,Solder,Lead-Alloy,Available,Secondary
S,309,Solder,Lead-Alloy,Available,Primary
S,310,Solder,Lead-Alloy,Available,Secondary
S,311,Solder,Lead-Alloy,Available,Secondary
S,312,Solder,Lead-Alloy,Available,Secondary
S,313,Solder,Lead-Alloy,Available,Secondary
S,314,Solder,Lead-Alloy,Used,None
S,315,Solder,Lead-Alloy,Available,Secondary
S,316,Solder,Lead-Alloy,Available,Secondary
S,317,Solder,Lead-Alloy,Used,None
S,318,Solder,Lead-Alloy,Available,Secondary
S,319,Solder,Lead-Alloy,Used,None
S,320,Solder,Lead-Alloy,Used,None
S,321,Solder,Lead-Alloy,Available,Secondary
S,322,Solder,Lead-Alloy,Used,None
S,323,Solder,Lead-Alloy,Used,None
S,324,Solder,Lead-Alloy,Available,Primary
S,325,Solder,Lead-Alloy,Used,None
S,326,Solder,Lead-Alloy,Used,None
S,327,Solder,Lead-Alloy,Available,Primary
S,328,Solder,Lead-Alloy,Available,Primary
S,329,Solder,Lead-Alloy,Available,Secondary
S,330,Solder,Lead-Alloy,Used,None
S,331,Solder,Lead-Alloy,Available,Primary
S,332,Solder,Lead-Alloy,Used,None
S,333,Solder,Lead-Alloy,Available,Primary
S,334,Solder,Lead-Alloy,Used,None
S,335,Solder,Lead-Alloy,Used,None
S,336,Solder,Lead-Alloy,Available,Primary
S,337,Solder,Lead-Alloy,Available,Primary
S,338,Solder,Lead-Alloy,Used,None
S,339,Solder,Lead-Alloy,Available,Primary
S,340,Solder,Lead-Alloy,Used,None
S,341,Solder,Lead-Alloy,Available,Primary
S,342,Solder,Lead-Alloy,Available,Primary
S,343,Solder,Lead-Alloy,Available,Secondary
S,344,Solder,Lead-Alloy,Used,None
S,345,Solder,Lead-Alloy,Available,Primary
S,346,Solder,Lead-Alloy,Available,Secondary
S,347,Solder,Lead-Alloy,Used,None
S,348,Solder,Lead-Alloy,Used,None
S,349,Solder,Lead-Alloy,Available,Secondary
S,350,Solder,Lead-Alloy,Available,Primary
M,1,Meter Replaceable Part,Hanging Strap,Available,Secondary
M,2,Meter Replaceable Part,Hanging Strap,Used,None
M,3,Meter Replaceable Part,Hanging Strap,Used,None
M,4,Meter Replaceable Part,Hanging Strap,Available,Primary
M,5,Meter Replaceable Part,Hanging Strap,Used,None
M,6,Meter Replaceable Part,Hanging Strap,Used,None
M,7,Meter Replaceable Part,Hanging Strap,Used,None
M,8,Meter Replaceable Part,Hanging Strap,Used,None
M,9,Meter Replaceable Part,Hanging Strap,Used,None
M,10,Meter Replaceable Part,Hanging Strap,Used,None
M,11,Meter Replaceable Part,Hanging Strap,Used,None
M,12,Meter Replaceable Part,Hanging Strap,Available,Secondary
M,13,Meter Replaceable Part,Hanging Strap,Used,None
M,14,Meter Replaceable Part,Hanging Strap,Available,Primary
M,15,Meter Replaceable Part,Hanging Strap,Used,None
M,16,Meter Replaceable Part,Hanging Strap,Available,Primary
M,17,Meter Replaceable Part,Hanging Strap,Available,Secondary
M,18,Meter Replaceable Part,Hanging Strap,Used,None
M,19,Meter Replaceable Part,Hanging Strap,Available,Secondary
M,20,Meter Replaceable Part,Hanging Strap,Available,Primary
M,21,Meter Replaceable Part,Hanging Strap,Available,Secondary
M,22,Meter Replaceable Part,Hanging Strap,Available,Primary
M,23,Meter Replaceable Part,Hanging Strap,Used,None
M,24,Meter Replaceable Part,Hanging Strap,Available,Secondary
M,25,Meter Replaceable Part,Hanging Strap,Available,Primary
M,26,Meter Replaceable Part,Hanging Strap,Used,None
M,27,Meter Replaceable Part,Hanging Strap,Available,Secondary
M,28,Meter Replaceable Part,Hanging Strap,Used,None
M,29,Meter Replaceable Part,Hanging Strap,Used,None
M,30,Meter Replaceable Part,Hanging Strap,Used,None
M,31,Meter Replaceable Part,Hanging Strap,Available,Primary
M,32,Meter Replaceable Part,Hanging Strap,Used,None
M,33,Meter Replaceable Part,Hanging Strap,Used,None
M,34,Meter Replaceable Part,Hanging Strap,Used,None
M,35,Meter Replaceable Part,Hanging Strap,Available,Primary
M,36,Meter Replaceable Part,Hanging Strap,Available,Primary
M,37,Meter Replaceable Part,Hanging Strap,Available,Primary
M,38,Meter Replaceable Part,Hanging Strap,Available,Secondary
M,39,Meter Replaceable Part,Hanging Strap,Available,Secondary
M,40,Meter Replaceable Part,Hanging Strap,Available,Secondary
M,41,Meter Replaceable Part,Hanging Strap,Available,Primary
M,42,Meter Replaceable Part,Hanging Strap,Available,Secondary
M,43,Meter Replaceable Part,Hanging Strap,Used,None
M,44,Meter Replaceable Part,Hanging Strap,Used,None
M,45,Meter Replaceable Part,Hanging Strap,Available,Primary
M,46,Meter Replaceable Part,Hanging Strap,Available,Primary
M,47,Meter Replaceable Part,Hanging Strap,Used,None
M,48,Meter Replaceable Part,Hanging Strap,Used,None
M,49,Meter Replaceable Part,Hanging Strap,Available,Secondary
M,50,Meter Replaceable Part,Hanging Strap,Available,Primary
M,51,Meter Replaceable Part,Hanging Strap,Available,Secondary
M,52,Meter Replaceable Part,Hanging Strap,Used,None
M,53,Meter Replaceable Part,Hanging Strap,Available,Primary
M,54,Meter Replaceable Part,Hanging Strap,Available,Secondary
M,55,Meter Replaceable Part,Hanging Strap,Used,None
M,56,Meter Replaceable Part,Hanging Strap,Used,None
M,57,Meter Replaceable Part,Hanging Strap,Available,Secondary
M,58,Meter Replaceable Part,Hanging Strap,Used,None
M,59,Meter Replaceable Part,Hanging Strap,Used,None
M,60,Meter Replaceable Part,Hanging Strap,Available,Secondary
M,61,Meter Replaceable Part,Hanging Strap,Available,Secondary
M,62,Meter Replaceable Part,Hanging Strap,Used,None
M,63,Meter Replaceable Part,Hanging Strap,Available,Secondary
M,64,Meter Replaceable Part,Hanging Strap,Used,None
M,65,Meter Replaceable Part,Hanging Strap,Used,None
M,66,Meter Replaceable Part,Hanging Strap,Available,Secondary
M,67,Meter Replaceable Part,Hanging Strap,Available,Primary
M,68,Meter Replaceable Part,Hanging Strap,Available,Secondary
M,69,Meter Replaceable Part,Hanging Strap,Available,Primary
M,70,Meter Replaceable Part,Hanging Strap,Used,None
M,71,Meter Replaceable Part,Hanging Strap,Used,None
M,72,Meter Replaceable Part,Hanging Strap,Used,None
M,73,Meter Replaceable Part,Hanging Strap,Available,Primary
M,74,Meter Replaceable Part,Hanging Strap,Used,None
M,75,Meter Replaceable Part,Hanging Strap,Available,Secondary
M,76,Meter Replaceable Part,Hanging Strap,Used,None
M,77,Meter Replaceable Part,Hanging Strap,Used,None
M,78,Meter Replaceable Part,Hanging Strap,Used,None
M,79,Meter Replaceable Part,Hanging Strap,Used,None
M,80,Meter Replaceable Part,Hanging Strap,Used,None
M,81,Meter Replaceable Part,Hanging Strap,Used,None
M,82,Meter Replaceable Part,Hanging Strap,Used,None
M,83,Meter Replaceable Part,Hanging Strap,Available,Secondary
M,84,Meter Replaceable Part,Hanging Strap,Used,None
M,85,Meter Replaceable Part,Hanging Strap,Available,Primary
M,86,Meter Replaceable Part,Hanging Strap,Available,Secondary
M,87,Meter Replaceable Part,Hanging Strap,Used,None
M,88,Meter Replaceable Part,Hanging Strap,Available,Primary
M,89,Meter Replaceable Part,Hanging Strap,Used,None
M,90,Meter Replaceable Part,Hanging Strap,Available,Primary
M,91,Meter Replaceable Part,Hanging Strap,Used,None
M,92,Meter Replaceable Part,Hanging Strap,Available,Primary
M,93,Meter Replaceable Part,Hanging Strap,Used,None
M,94,Meter Replaceable Part,Hanging Strap,Available,Primary
M,95,Meter Replaceable Part,Hanging Strap,Used,None
M,96,Meter Replaceable Part,Hanging Strap,Available,Secondary
M,97,Meter Replaceable Part,Hanging Strap,Available,Primary
M,98,Meter Replaceable Part,Hanging Strap,Used,None
M,99,Meter Replaceable Part,Hanging Strap,Used,None
M,100,Meter Replaceable Part,Hanging Strap,Used,None
M,101,Meter Replaceable Part,Hanging Strap,Available,Secondary
M,102,Meter Replaceable Part,Hanging Strap,Used,None
M,103,Meter Replaceable Part,Hanging Strap,Available,Primary
M,104,Meter Replaceable Part,Hanging Strap,Used,None
M,105,Meter Replaceable Part,Hanging Strap,Available,Primary
M,106,Meter Replaceable Part,Hanging Strap,Available,Secondary
M,107,Meter Replaceable Part,Hanging Strap,Used,None
M,108,Meter Replaceable Part,Hanging Strap,Available,Secondary
M,109,Meter Replaceable Part,Hanging Strap,Available,Primary
M,110,Meter Replaceable Part,Hanging Strap,Used,None
M,111,Meter Replaceable Part,Hanging Strap,Used,None
M,112,Meter Replaceable Part,Hanging Strap,Available,Secondary
M,113,Meter Replaceable Part,Hanging Strap,Available,Secondary
M,114,Meter Replaceable Part,Hanging Strap,Used,None
M,115,Meter Replaceable Part,Hanging Strap,Used,None
M,116,Meter Replaceable Part,Hanging Strap,Available,Primary
M,117,Meter Replaceable Part,Hanging Strap,Used,None
M,118,Meter Replaceable Part,Hanging Strap,Available,Secondary
M,119,Meter Replaceable Part,Hanging Strap,Available,Secondary
M,120,Meter Replaceable Part,Hanging Strap,Used,None
M,121,Meter Replaceable Part,Hanging Strap,Used,None
M,122,Meter Replaceable Part,Hanging Strap,Available,Secondary
M,123,Meter Replaceable Part,Hanging Strap,Available,Secondary
M,124,Meter Replaceable Part,Hanging Strap,Used,None
M,125,Meter Replaceable Part,Hanging Strap,Used,None
M,126,Meter Replaceable Part,Hanging Strap,Used,None
M,127,Meter Replaceable Part,Hanging Strap,Available,Secondary
M,128,Meter Replaceable Part,Hanging Strap,Available,Primary
M,129,Meter Replaceable Part,Hanging Strap,Available,Primary
M,130,Meter Replaceable Part,Hanging Strap,Used,None
M,131,Meter Replaceable Part,Hanging Strap,Available,Primary
M,132,Meter Replaceable Part,Hanging Strap,Used,None
M,133,Meter Replaceable Part,Hanging Strap,Available,Secondary
M,134,Meter Replaceable Part,Hanging Strap,Available,Primary
M,135,Meter Replaceable Part,Hanging Strap,Used,None
M,136,Meter Replaceable Part,Hanging Strap,Available,Secondary
M,137,Meter Replaceable Part,Hanging Strap,Used,None
M,138,Meter Replaceable Part,Hanging Strap,Used,None
M,139,Meter Replaceable Part,Hanging Strap,Used,None
M,140,Meter Replaceable Part,Hanging Strap,Used,None
M,141,Meter Replaceable Part,Hanging Strap,Used,None
M,142,Meter Replaceable Part,Hanging Strap,Used,None
M,143,Meter Replaceable Part,Hanging Strap,Available,Secondary
M,144,Meter Replaceable Part,Hanging Strap,Available,Secondary
M,145,Meter Replaceable Part,Hanging Strap,Used,None
M,146,Meter Replaceable Part,Hanging Strap,Used,None
M,147,Meter Replaceable Part,Hanging Strap,Available,Primary
M,148,Meter Replaceable Part,Hanging Strap,Used,None
M,149,Meter Replaceable Part,Hanging Strap,Used,None
M,150,Meter Replaceable Part,Hanging Strap,Available,Primary
M,151,Meter Replaceable Part,Hanging Strap,Used,None
M,152,Meter Replaceable Part,Hanging Strap,Used,None
M,153,Meter Replaceable Part,Hanging Strap,Available,Secondary
M,154,Meter Replaceable Part,Hanging Strap,Available,Primary
M,155,Meter Replaceable Part,Hanging Strap,Available,Primary
M,156,Meter Replaceable Part,Hanging Strap,Available,Primary
M,157,Meter Replaceable Part,Hanging Strap,Used,None
M,158,Meter Replaceable Part,Hanging Strap,Used,None
M,159,Meter Replaceable Part,Hanging Strap,Used,None
M,160,Meter Replaceable Part,Hanging Strap,Available,Secondary
M,161,Meter Replaceable Part,Hanging Strap,Available,Primary
M,162,Meter Replaceable Part,Hanging Strap,Available,Primary
M,163,Meter Replaceable Part,Hanging Strap,Used,None
M,164,Meter Replaceable Part,Hanging Strap,Used,None
M,165,Meter Replaceable Part,Hanging Strap,Used,None
M,166,Meter Replaceable Part,Hanging Strap,Available,Secondary
M,167,Meter Replaceable Part,Hanging Strap,Used,None
M,168,Meter Replaceable Part,Hanging Strap,Available,Primary
M,169,Meter Replaceable Part,Hanging Strap,Available,Primary
M,170,Meter Replaceable Part,Hanging Strap,Used,None
M,171,Meter Replaceable Part,Hanging Strap,Used,None
M,172,Meter Replaceable Part,Hanging Strap,Available,Primary
M,173,Meter Replaceable Part,Hanging Strap,Used,None
M,174,Meter Replaceable Part,Hanging Strap,Available,Secondary
M,175,Meter Replaceable Part,Hanging Strap,Used,None
M,176,Meter Replaceable Part,Hanging Strap,Available,Secondary
M,177,Meter Replaceable Part,Hanging Strap,Used,None
M,178,Meter Replaceable Part,Hanging Strap,Used,None
M,179,Meter Replaceable Part,Hanging Strap,Used,None
M,180,Meter Replaceable Part,Hanging Strap,Used,None
M,181,Meter Replaceable Part,Hanging Strap,Available,Primary
M,182,Meter Replaceable Part,Hanging Strap,Used,None
M,183,Meter Replaceable Part,Hanging Strap,Available,Primary
M,184,Meter Replaceable Part,Hanging Strap,Used,None
M,185,Meter Replaceable Part,Hanging Strap,Used,None
M,186,Meter Replaceable Part,Hanging Strap,Available,Secondary
M,187,Meter Replaceable Part,Hanging Strap,Used,None
M,188,Meter Replaceable Part,Hanging Strap,Available,Secondary
M,189,Meter Replaceable Part,Hanging Strap,Used,None
M,190,Meter Replaceable Part,Hanging Strap,Used,None
M,191,Meter Replaceable Part,Hanging Strap,Used,None
M,192,Meter Replaceable Part,Hanging Strap,Available,Secondary
M,193,Meter Replaceable Part,Hanging Strap,Used,None
M,194,Meter Replaceable Part,Hanging Strap,Used,None
M,195,Meter Replaceable Part,Hanging Strap,Used,None
M,196,Meter Replaceable Part,Hanging Strap,Available,Primary
M,197,Meter Replaceable Part,Hanging Strap,Used,None
M,198,Meter Replaceable Part,Hanging Strap,Used,None
M,199,Meter Replaceable Part,Hanging Strap,Used,None
M,200,Meter Replaceable Part,Hanging Strap,Used,None
M,201,Meter Replaceable Part,Hanging Strap,Available,Primary
M,202,Meter Replaceable Part,Hanging Strap,Available,Primary
M,203,Meter Replaceable Part,Hanging Strap,Used,None
M,204,Meter Replaceable Part,Hanging Strap,Available,Secondary
M,205,Meter Replaceable Part,Hanging Strap,Used,None
M,206,Meter Replaceable Part,Hanging Strap,Used,None
M,207,Meter Replaceable Part,Hanging Strap,Used,None
M,208,Meter Replaceable Part,Hanging Strap,Available,Secondary
M,209,Meter Replaceable Part,Hanging Strap,Used,None
M,210,Meter Replaceable Part,Hanging Strap,Available,Secondary
M,211,Meter Replaceable Part,Hanging Strap,Used,None
M,212,Meter Replaceable Part,Hanging Strap,Used,None
M,213,Meter Replaceable Part,Hanging Strap,Used,None
M,214,Meter Replaceable Part,Hanging Strap,Available,Secondary
M,215,Meter Replaceable Part,Hanging Strap,Used,None
M,216,Meter Replaceable Part,Hanging Strap,Used,None
M,217,Meter Replaceable Part,Hanging Strap,Used,None
M,218,Meter Replaceable Part,Hanging Strap,Available,Secondary
M,219,Meter Replaceable Part,Hanging Strap,Available,Secondary
M,220,Meter Replaceable Part,Hanging Strap,Used,None
M,221,Meter Replaceable Part,Hanging Strap,Used,None
M,222,Meter Replaceable Part,Hanging Strap,Used,None
M,223,Meter Replaceable Part,Hanging Strap,Available,Secondary
M,224,Meter Replaceable Part,Hanging Strap,Used,None
M,225,Meter Replaceable Part,Hanging Strap,Used,None
M,226,Meter Replaceable Part,Hanging Strap,Available,Primary
M,227,Meter Replaceable Part,Hanging Strap,Used,None
M,228,Meter Replaceable Part,Hanging Strap,Available,Secondary
M,229,Meter Replaceable Part,Hanging Strap,Used,None
M,230,Meter Replaceable Part,Hanging Strap,Used,None
M,231,Meter Replaceable Part,Hanging Strap,Available,Secondary
M,232,Meter Replaceable Part,Hanging Strap,Available,Secondary
M,233,Meter Replaceable Part,Hanging Strap,Used,None
M,234,Meter Replaceable Part,Hanging Strap,Used,None
M,235,Meter Replaceable Part,Hanging Strap,Used,None
M,236,Meter Replaceable Part,Hanging Strap,Available,Primary
M,237,Meter Replaceable Part,Hanging Strap,Available,Primary
M,238,Meter Replaceable Part,Hanging Strap,Used,None
M,239,Meter Replaceable Part,Hanging Strap,Available,Secondary
M,240,Meter Replaceable Part,Hanging Strap,Used,None
M,241,Meter Replaceable Part,Hanging Strap,Used,None
M,242,Meter Replaceable Part,Hanging Strap,Used,None
M,243,Meter Replaceable Part,Hanging Strap,Available,Primary
M,244,Meter Replaceable Part,Hanging Strap,Used,None
M,245,Meter Replaceable Part,Hanging Strap,Used,None
M,246,Meter Replaceable Part,Hanging Strap,Used,None
M,247,Meter Replaceable Part,Hanging Strap,Used,None
M,248,Meter Replaceable Part,Hanging Strap,Used,None
M,249,Meter Replaceable Part,Hanging Strap,Used,None
M,250,Meter Replaceable Part,Hanging Strap,Used,None
M,251,Meter Replaceable Part,Hanging Strap,Available,Secondary
M,252,Meter Replaceable Part,Hanging Strap,Used,None
M,253,Meter Replaceable Part,Hanging Strap,Available,Secondary
M,254,Meter Replaceable Part,Hanging Strap,Available,Secondary
M,255,Meter Replaceable Part,Hanging Strap,Used,None
M,256,Meter Replaceable Part,Hanging Strap,Used,None
M,257,Meter Replaceable Part,Hanging Strap,Used,None
M,258,Meter Replaceable Part,Hanging Strap,Available,Primary
M,259,Meter Replaceable Part,Hanging Strap,Used,None
M,260,Meter Replaceable Part,Hanging Strap,Used,None
M,261,Meter Replaceable Part,Hanging Strap,Used,None
M,262,Meter Replaceable Part,Hanging Strap,Available,Primary
M,263,Meter Replaceable Part,Hanging Strap,Available,Primary
M,264,Meter Replaceable Part,Hanging Strap,Available,Primary
M,265,Meter Replaceable Part,Hanging Strap,Used,None
M,266,Meter Replaceable Part,Hanging Strap,Available,Secondary
M,267,Meter Replaceable Part,Hanging Strap,Used,None
M,268,Meter Replaceable Part,Hanging Strap,Available,Primary
M,269,Meter Replaceable Part,Hanging Strap,Used,None
M,270,Meter Replaceable Part,Hanging Strap,Available,Primary
M,271,Meter Replaceable Part,Hanging Strap,Available,Secondary
M,272,Meter Replaceable Part,Hanging Strap,Available,Primary
M,273,Meter Replaceable Part,Hanging Strap,Used,None
M,274,Meter Replaceable Part,Hanging Strap,Available,Secondary
M,275,Meter Replaceable Part,Hanging Strap,Used,None
M,276,Meter Replaceable Part,Hanging Strap,Used,None
M,277,Meter Replaceable Part,Hanging Strap,Available,Secondary
M,278,Meter Replaceable Part,Hanging Strap,Used,None
M,279,Meter Replaceable Part,Hanging Strap,Available,Primary
M,280,Meter Replaceable Part,Hanging Strap,Used,None
M,281,Meter Replaceable Part,Hanging Strap,Available,Primary
M,282,Meter Replaceable Part,Hanging Strap,Used,None
M,283,Meter Replaceable Part,Hanging Strap,Used,None
M,284,Meter Replaceable Part,Hanging Strap,Available,Primary
M,285,Meter Replaceable Part,Hanging Strap,Used,None
M,286,Meter Replaceable Part,Hanging Strap,Used,None
M,287,Meter Replaceable Part,Hanging Strap,Used,None
M,288,Meter Replaceable Part,Hanging Strap,Used,None
M,289,Meter Replaceable Part,Hanging Strap,Available,Primary
M,290,Meter Replaceable Part,Hanging Strap,Used,None
M,291,Meter Replaceable Part,Hanging Strap,Available,Primary
M,292,Meter Replaceable Part,Hanging Strap,Available,Secondary
M,293,Meter Replaceable Part,Hanging Strap,Available,Primary
M,294,Meter Replaceable Part,Hanging Strap,Used,None
M,295,Meter Replaceable Part,Hanging Strap,Available,Secondary
M,296,Meter Replaceable Part,Hanging Strap,Available,Primary
M,297,Meter Replaceable Part,Hanging Strap,Used,None
M,298,Meter Replaceable Part,Hanging Strap,Used,None
M,299,Meter Replaceable Part,Hanging Strap,Used,None
M,300,Meter Replaceable Part,Hanging Strap,Available,Secondary
M,301,Meter Replaceable Part,Hanging Strap,Available,Secondary
M,302,Meter Replaceable Part,Hanging Strap,Used,None
M,303,Meter Replaceable Part,Hanging Strap,Available,Secondary
M,304,Meter Replaceable Part,Hanging Strap,Used,None
M,305,Meter Replaceable Part,Hanging Strap,Available,Secondary
M,306,Meter Replaceable Part,Hanging Strap,Used,None
M,307,Meter Replaceable Part,Hanging Strap,Available,Primary
M,308,Meter Replaceable Part,Hanging Strap,Available,Primary
M,309,Meter Replaceable Part,Hanging Strap,Used,None
M,310,Meter Replaceable Part,Hanging Strap,Used,None
M,311,Meter Replaceable Part,Hanging Strap,Used,None
M,312,Meter Replaceable Part,Hanging Strap,Used,None
M,313,Meter Replaceable Part,Hanging Strap,Used,None
M,314,Meter Replaceable Part,Hanging Strap,Used,None
M,315,Meter Replaceable Part,Hanging Strap,Available,Secondary
M,316,Meter Replaceable Part,Hanging Strap,Available,Primary
M,317,Meter Replaceable Part,Hanging Strap,Used,None
M,318,Meter Replaceable Part,Hanging Strap,Available,Secondary
M,319,Meter Replaceable Part,Hanging Strap,Available,Primary
M,320,Meter Replaceable Part,Hanging Strap,Available,Secondary
M,321,Meter Replaceable Part,Hanging Strap,Used,None
M,322,Meter Replaceable Part,Hanging Strap,Available,Secondary
M,323,Meter Replaceable Part,Hanging Strap,Available,Primary
M,324,Meter Replaceable Part,Hanging Strap,Used,None
M,325,Meter Replaceable Part,Hanging Strap,Used,None
M,326,Meter Replaceable Part,Hanging Strap,Used,None
M,327,Meter Replaceable Part,Hanging Strap,Available,Primary
M,328,Meter Replaceable Part,Hanging Strap,Used,None
M,329,Meter Replaceable Part,Hanging Strap,Used,None
M,330,Meter Replaceable Part,Hanging Strap,Available,Secondary
M,331,Meter Replaceable Part,Hanging Strap,Available,Primary
M,332,Meter Replaceable Part,Hanging Strap,Available,Secondary
M,333,Meter Replaceable Part,Hanging Strap,Available,Secondary
M,334,Meter Replaceable Part,Hanging Strap,Available,Secondary
M,335,Meter Replaceable Part,Hanging Strap,Used,None
M,336,Meter Replaceable Part,Hanging Strap,Used,None
M,337,Meter Replaceable Part,Hanging Strap,Used,None
M,338,Meter Replaceable Part,Hanging Strap,Used,None
M,339,Meter Replaceable Part,Hanging Strap,Used,None
M,340,Meter Replaceable Part,Hanging Strap,Available,Secondary
M,341,Meter Replaceable Part,Hanging Strap,Available,Secondary
M,342,Meter Replaceable Part,Hanging Strap,Used,None
M,343,Meter Replaceable Part,Hanging Strap,Available,Secondary
M,344,Meter Replaceable Part,Hanging Strap,Used,None
M,345,Meter Replaceable Part,Hanging Strap,Available,Primary
M,346,Meter Replaceable Part,Hanging Strap,Used,None
M,347,Meter Replaceable Part,Hanging Strap,Used,None
M,348,Meter Replaceable Part,Hanging Strap,Used,None
M,349,Meter Replaceable Part,Hanging Strap,Available,Secondary
M,350,Meter Replaceable Part,Hanging Strap,Used,None
M,351,Meter Replaceable Part,Hanging Strap,Available,Primary
M,352,Meter Replaceable Part,Hanging Strap,Available,Primary
M,353,Meter Replaceable Part,Hanging Strap,Used,None
M,354,Meter Replaceable Part,Hanging Strap,Available,Secondary
M,355,Meter Replaceable Part,Hanging Strap,Used,None
M,356,Meter Replaceable Part,Hanging Strap,Used,None
M,357,Meter Replaceable Part,Hanging Strap,Used,None
M,358,Meter Replaceable Part,Hanging Strap,Available,Primary
M,359,Meter Replaceable Part,Hanging Strap,Available,Secondary
M,360,Meter Replaceable Part,Hanging Strap,Used,None
M,361,Meter Replaceable Part,Hanging Strap,Used,None
M,362,Meter Replaceable Part,Hanging Strap,Available,Secondary
M,363,Meter Replaceable Part,Hanging Strap,Used,None
M,364,Meter Replaceable Part,Hanging Strap,Available,Secondary
M,365,Meter Replaceable Part,Hanging Strap,Used,None
M,366,Meter Replaceable Part,Hanging Strap,Available,Secondary
M,367,Meter Replaceable Part,Hanging Strap,Available,Primary
M,368,Meter Replaceable Part,Hanging Strap,Used,None
M,369,Meter Replaceable Part,Hanging Strap,Used,None
M,370,Meter Replaceable Part,Hanging Strap,Available,Secondary
M,371,Meter Replaceable Part,Hanging Strap,Used,None
M,372,Meter Replaceable Part,Hanging Strap,Used,None
M,373,Meter Replaceable Part,Hanging Strap,Available,Primary
M,374,Meter Replaceable Part,Hanging Strap,Available,Secondary
M,375,Meter Replaceable Part,Hanging Strap,Used,None
M,376,Meter Replaceable Part,Hanging Strap,Available,Secondary
M,377,Meter Replaceable Part,Hanging Strap,Used,None
M,378,Meter Replaceable Part,Hanging Strap,Used,None
M,379,Meter Replaceable Part,Hanging Strap,Used,None
M,380,Meter Replaceable Part,Hanging Strap,Available,Secondary
M,381,Meter Replaceable Part,Hanging Strap,Used,None
M,382,Meter Replaceable Part,Hanging Strap,Used,None
M,383,Meter Replaceable Part,Hanging Strap,Available,Secondary
M,384,Meter Replaceable Part,Hanging Strap,Used,None
M,385,Meter Replaceable Part,Hanging Strap,Available,Primary
M,386,Meter Replaceable Part,Hanging Strap,Used,None
M,387,Meter Replaceable Part,Hanging Strap,Used,None
M,388,Meter Replaceable Part,Hanging Strap,Available,Primary
M,389,Meter Replaceable Part,Hanging Strap,Used,None
M,390,Meter Replaceable Part,Hanging Strap,Available,Primary
M,391,Meter Replaceable Part,Hanging Strap,Used,None
M,392,Meter Replaceable Part,Hanging Strap,Used,None
M,393,Meter Replaceable Part,Hanging Strap,Available,Primary
M,394,Meter Replaceable Part,Hanging Strap,Available,Primary
M,395,Meter Replaceable Part,Hanging Strap,Available,Primary
M,396,Meter Replaceable Part,Hanging Strap,Available,Secondary
M,397,Meter Replaceable Part,Hanging Strap,Used,None
M,398,Meter Replaceable Part,Hanging Strap,Available,Primary
M,399,Meter Replaceable Part,Hanging Strap,Available,Secondary
M,400,Meter Replaceable Part,Hanging Strap,Available,Secondary
M,401,Meter Replaceable Part,Hanging Strap,Used,None
M,402,Meter Replaceable Part,Hanging Strap,Available,Secondary
M,403,Meter Replaceable Part,Hanging Strap,Used,None
M,404,Meter Replaceable Part,Hanging Strap,Available,Primary
M,405,Meter Replaceable Part,Hanging Strap,Used,None
M,406,Meter Replaceable Part,Hanging Strap,Used,None
M,407,Meter Replaceable Part,Hanging Strap,Available,Primary
M,408,Meter Replaceable Part,Hanging Strap,Available,Primary
M,409,Meter Replaceable Part,Hanging Strap,Available,Secondary
M,410,Meter Replaceable Part,Hanging Strap,Used,None
M,411,Meter Replaceable Part,Hanging Strap,Used,None
M,412,Meter Replaceable Part,Hanging Strap,Available,Primary
M,413,Meter Replaceable Part,Hanging Strap,Used,None
M,414,Meter Replaceable Part,Hanging Strap,Available,Primary
M,415,Meter Replaceable Part,Hanging Strap,Available,Primary
M,416,Meter Replaceable Part,Hanging Strap,Available,Secondary
M,417,Meter Replaceable Part,Hanging Strap,Used,None
M,418,Meter Replaceable Part,Hanging Strap,Available,Primary
M,419,Meter Replaceable Part,Hanging Strap,Available,Primary
M,420,Meter Replaceable Part,Hanging Strap,Available,Primary
M,421,Meter Replaceable Part,Hanging Strap,Used,None
M,422,Meter Replaceable Part,Hanging Strap,Available,Secondary
M,423,Meter Replaceable Part,Hanging Strap,Used,None
M,424,Meter Replaceable Part,Hanging Strap,Available,Primary
M,425,Meter Replaceable Part,Hanging Strap,Used,None
M,426,Meter Replaceable Part,Hanging Strap,Available,Secondary
M,427,Meter Replaceable Part,Hanging Strap,Used,None
M,428,Meter Replaceable Part,Hanging Strap,Used,None
M,429,Meter Replaceable Part,Hanging Strap,Used,None
M,430,Meter Replaceable Part,Hanging Strap,Used,None
M,431,Meter Replaceable Part,Hanging Strap,Available,Primary
M,432,Meter Replaceable Part,Hanging Strap,Used,None
M,433,Meter Replaceable Part,Hanging Strap,Used,None
M,434,Meter Replaceable Part,Hanging Strap,Used,None
M,435,Meter Replaceable Part,Hanging Strap,Used,None
M,436,Meter Replaceable Part,Hanging Strap,Used,None
M,437,Meter Replaceable Part,Hanging Strap,Available,Secondary
M,438,Meter Replaceable Part,Hanging Strap,Used,None
M,439,Meter Replaceable Part,Hanging Strap,Used,None
M,440,Meter Replaceable Part,Hanging Strap,Used,None
M,441,Meter Replaceable Part,Hanging Strap,Used,None
M,442,Meter Replaceable Part,Hanging Strap,Available,Secondary
M,443,Meter Replaceable Part,Hanging Strap,Available,Secondary
M,444,Meter Replaceable Part,Hanging Strap,Used,None
M,445,Meter Replaceable Part,Hanging Strap,Used,None
M,446,Meter Replaceable Part,Hanging Strap,Used,None
M,447,Meter Replaceable Part,Hanging Strap,Available,Secondary
M,448,Meter Replaceable Part,Hanging Strap,Available,Primary
M,449,Meter Replaceable Part,Hanging Strap,Used,None
M,450,Meter Replaceable Part,Hanging Strap,Used,None
M,451,Meter Replaceable Part,Hanging Strap,Used,None
M,452,Meter Replaceable Part,Hanging Strap,Available,Primary
M,453,Meter Replaceable Part,Hanging Strap,Used,None
M,454,Meter Replaceable Part,Hanging Strap,Used,None
M,455,Meter Replaceable Part,Hanging Strap,Used,None
M,456,Meter Replaceable Part,Hanging Strap,Available,Primary
M,457,Meter Replaceable Part,Hanging Strap,Available,Primary
M,458,Meter Replaceable Part,Hanging Strap,Available,Secondary
M,459,Meter Replaceable Part,Hanging Strap,Available,Secondary
M,460,Meter Replaceable Part,Hanging Strap,Used,None
M,461,Meter Replaceable Part,Hanging Strap,Available,Primary
M,462,Meter Replaceable Part,Hanging Strap,Used,None
M,463,Meter Replaceable Part,Hanging Strap,Available,Secondary
M,464,Meter Replaceable Part,Hanging Strap,Available,Secondary
M,465,Meter Replaceable Part,Hanging Strap,Available,Primary
M,466,Meter Replaceable Part,Hanging Strap,Available,Secondary
M,467,Meter Replaceable Part,Hanging Strap,Available,Primary
M,468,Meter Replaceable Part,Hanging Strap,Available,Secondary
M,469,Meter Replaceable Part,Hanging Strap,Used,None
M,470,Meter Replaceable Part,Hanging Strap,Available,Secondary
M,471,Meter Replaceable Part,Hanging Strap,Used,None
M,472,Meter Replaceable Part,Hanging Strap,Used,None
M,473,Meter Replaceable Part,Hanging Strap,Used,None
M,474,Meter Replaceable Part,Hanging Strap,Available,Secondary
M,475,Meter Replaceable Part,Hanging Strap,Available,Secondary
M,476,Meter Replaceable Part,Hanging Strap,Used,None
M,477,Meter Replaceable Part,Hanging Strap,Used,None
M,478,Meter Replaceable Part,Hanging Strap,Used,None
M,479,Meter Replaceable Part,Hanging Strap,Used,None
M,480,Meter Replaceable Part,Hanging Strap,Available,Secondary
M,481,Meter Replaceable Part,Hanging Strap,Available,Secondary
M,482,Meter Replaceable Part,Hanging Strap,Available,Secondary
M,483,Meter Replaceable Part,Hanging Strap,Used,None
M,484,Meter Replaceable Part,Hanging Strap,Used,None
M,485,Meter Replaceable Part,Hanging Strap,Used,None
M,486,Meter Replaceable Part,Hanging Strap,Available,Primary
M,487,Meter Replaceable Part,Hanging Strap,Used,None
M,488,Meter Replaceable Part,Hanging Strap,Available,Primary
M,489,Meter Replaceable Part,Hanging Strap,Used,None
M,490,Meter Replaceable Part,Hanging Strap,Used,None
M,491,Meter Replaceable Part,Hanging Strap,Used,None
M,492,Meter Replaceable Part,Hanging Strap,Available,Secondary
M,493,Meter Replaceable Part,Hanging Strap,Used,None
M,494,Meter Replaceable Part,Hanging Strap,Used,None
M,495,Meter Replaceable Part,Hanging Strap,Available,Secondary
M,496,Meter Replaceable Part,Hanging Strap,Available,Primary
M,497,Meter Replaceable Part,Hanging Strap,Available,Secondary
M,498,Meter Replaceable Part,Hanging Strap,Used,None
M,499,Meter Replaceable Part,Hanging Strap,Available,Primary
M,500,Meter Replaceable Part,Hanging Strap,Used,None
M,501,Meter Replaceable Part,Hanging Strap,Available,Secondary
M,502,Meter Replaceable Part,Hanging Strap,Used,None
M,503,Meter Replaceable Part,Hanging Strap,Available,Secondary
M,504,Meter Replaceable Part,Hanging Strap,Used,None
M,505,Meter Replaceable Part,Hanging Strap,Available,Primary
M,506,Meter Replaceable Part,Hanging Strap,Used,None
M,507,Meter Replaceable Part,Hanging Strap,Used,None
M,508,Meter Replaceable Part,Hanging Strap,Used,None
M,509,Meter Replaceable Part,Hanging Strap,Used,None
M,510,Meter Replaceable Part,Hanging Strap,Available,Secondary
M,511,Meter Replaceable Part,Hanging Strap,Used,None
M,512,Meter Replaceable Part,Hanging Strap,Available,Secondary
M,513,Meter Replaceable Part,Hanging Strap,Used,None
M,514,Meter Replaceable Part,Hanging Strap,Available,Secondary
M,515,Meter Replaceable Part,Hanging Strap,Used,None
M,516,Meter Replaceable Part,Hanging Strap,Used,None
M,517,Meter Replaceable Part,Hanging Strap,Available,Primary
M,518,Meter Replaceable Part,Hanging Strap,Used,None
M,519,Meter Replaceable Part,Hanging Strap,Available,Secondary
M,520,Meter Replaceable Part,Hanging Strap,Used,None
M,521,Meter Replaceable Part,Hanging Strap,Available,Secondary
M,522,Meter Replaceable Part,Hanging Strap,Used,None
M,523,Meter Replaceable Part,Hanging Strap,Used,None
M,524,Meter Replaceable Part,Hanging Strap,Available,Primary
M,525,Meter Replaceable Part,Hanging Strap,Used,None
M,526,Meter Replaceable Part,Hanging Strap,Available,Primary
M,527,Meter Replaceable Part,Hanging Strap,Used,None
M,528,Meter Replaceable Part,Hanging Strap,Available,Primary
M,529,Meter Replaceable Part,Hanging Strap,Available,Secondary
M,530,Meter Replaceable Part,Hanging Strap,Used,None
M,531,Meter Replaceable Part,Hanging Strap,Used,None
M,532,Meter Replaceable Part,Hanging Strap,Available,Primary
M,533,Meter Replaceable Part,Hanging Strap,Available,Secondary
M,534,Meter Replaceable Part,Hanging Strap,Available,Primary
M,535,Meter Replaceable Part,Hanging Strap,Available,Secondary
M,536,Meter Replaceable Part,Hanging Strap,Available,Primary
M,537,Meter Replaceable Part,Hanging Strap,Available,Secondary
M,538,Meter Replaceable Part,Hanging Strap,Available,Primary
M,539,Meter Replaceable Part,Hanging Strap,Used,None
M,540,Meter Replaceable Part,Hanging Strap,Available,Secondary
M,541,Meter Replaceable Part,Hanging Strap,Available,Secondary
M,542,Meter Replaceable Part,Hanging Strap,Available,Primary
M,543,Meter Replaceable Part,Hanging Strap,Available,Primary
M,544,Meter Replaceable Part,Hanging Strap,Available,Primary
M,545,Meter Replaceable Part,Hanging Strap,Available,Primary
M,546,Meter Replaceable Part,Hanging Strap,Used,None
M,547,Meter Replaceable Part,Hanging Strap,Available,Primary
M,548,Meter Replaceable Part,Hanging Strap,Used,None
M,549,Meter Replaceable Part,Hanging Strap,Available,Secondary
M,550,Meter Replaceable Part,Hanging Strap,Used,None
M,551,Meter Replaceable Part,Hanging Strap,Available,Primary
M,552,Meter Replaceable Part,Hanging Strap,Available,Secondary
M,553,Meter Replaceable Part,Hanging Strap,Available,Primary
M,554,Meter Replaceable Part,Hanging Strap,Used,None
M,555,Meter Replaceable Part,Hanging Strap,Used,None
M,556,Meter Replaceable Part,Hanging Strap,Used,None
M,557,Meter Replaceable Part,Hanging Strap,Available,Secondary
M,558,Meter Replaceable Part,Hanging Strap,Available,Secondary
M,559,Meter Replaceable Part,Hanging Strap,Available,Primary
M,560,Meter Replaceable Part,Hanging Strap,Used,None
M,561,Meter Replaceable Part,Hanging Strap,Used,None
M,562,Meter Replaceable Part,Hanging Strap,Available,Primary
M,563,Meter Replaceable Part,Hanging Strap,Used,None
M,564,Meter Replaceable Part,Hanging Strap,Available,Secondary
M,565,Meter Replaceable Part,Hanging Strap,Used,None
M,566,Meter Replaceable Part,Hanging Strap,Used,None
M,567,Meter Replaceable Part,Hanging Strap,Used,None
M,568,Meter Replaceable Part,Hanging Strap,Available,Secondary
M,569,Meter Replaceable Part,Hanging Strap,Available,Secondary
M,570,Meter Replaceable Part,Hanging Strap,Available,Secondary
M,571,Meter Replaceable Part,Hanging Strap,Available,Secondary
M,572,Meter Replaceable Part,Hanging Strap,Used,None
M,573,Meter Replaceable Part,Hanging Strap,Used,None
M,574,Meter Replaceable Part,Hanging Strap,Used,None
M,575,Meter Replaceable Part,Hanging Strap,Available,Primary
M,576,Meter Replaceable Part,Hanging Strap,Available,Secondary
M,577,Meter Replaceable Part,Hanging Strap,Available,Primary
M,578,Meter Replaceable Part,Hanging Strap,Available,Primary
M,579,Meter Replaceable Part,Hanging Strap,Available,Primary
M,580,Meter Replaceable Part,Hanging Strap,Used,None
M,581,Meter Replaceable Part,Hanging Strap,Available,Primary
M,582,Meter Replaceable Part,Hanging Strap,Used,None
M,583,Meter Replaceable Part,Hanging Strap,Used,None
M,584,Meter Replaceable Part,Hanging Strap,Available,Primary
M,585,Meter Replaceable Part,Hanging Strap,Used,None
M,586,Meter Replaceable Part,Hanging Strap,Used,None
M,587,Meter Replaceable Part,Hanging Strap,Used,None
M,588,Meter Replaceable Part,Hanging Strap,Available,Secondary
M,589,Meter Replaceable Part,Hanging Strap,Available,Secondary
M,590,Meter Replaceable Part,Hanging Strap,Available,Secondary
M,591,Meter Replaceable Part,Hanging Strap,Used,None
M,592,Meter Replaceable Part,Hanging Strap,Available,Secondary
M,593,Meter Replaceable Part,Hanging Strap,Used,None
M,594,Meter Replaceable Part,Hanging Strap,Available,Secondary
M,595,Meter Replaceable Part,Hanging Strap,Available,Primary
M,596,Meter Replaceable Part,Hanging Strap,Available,Secondary
M,597,Meter Replaceable Part,Hanging Strap,Available,Secondary
M,598,Meter Replaceable Part,Hanging Strap,Used,None
M,599,Meter Replaceable Part,Hanging Strap,Available,Primary
M,600,Meter Replaceable Part,Hanging Strap,Available,Primary
M,601,Meter Replaceable Part,Hanging Strap,Available,Primary
M,602,Meter Replaceable Part,Hanging Strap,Available,Secondary
M,603,Meter Replaceable Part,Hanging Strap,Used,None
M,604,Meter Replaceable Part,Hanging Strap,Available,Primary
M,605,Meter Replaceable Part,Hanging Strap,Available,Secondary
M,606,Meter Replaceable Part,Hanging Strap,Available,Secondary
M,607,Meter Replaceable Part,Hanging Strap,Available,Primary
M,608,Meter Replaceable Part,Hanging Strap,Used,None
M,609,Meter Replaceable Part,Hanging Strap,Used,None
M,610,Meter Replaceable Part,Hanging Strap,Used,None
M,611,Meter Replaceable Part,Hanging Strap,Used,None
M,612,Meter Replaceable Part,Hanging Strap,Available,Primary
M,613,Meter Replaceable Part,Hanging Strap,Available,Secondary
M,614,Meter Replaceable Part,Hanging Strap,Available,Secondary
M,615,Meter Replaceable Part,Hanging Strap,Available,Primary
M,616,Meter Replaceable Part,Hanging Strap,Used,None
M,617,Meter Replaceable Part,Hanging Strap,Available,Primary
M,618,Meter Replaceable Part,Hanging Strap,Available,Primary
M,619,Meter Replaceable Part,Hanging Strap,Available,Secondary
M,620,Meter Replaceable Part,Hanging Strap,Available,Secondary
M,621,Meter Replaceable Part,Hanging Strap,Used,None
M,622,Meter Replaceable Part,Hanging Strap,Used,None
M,623,Meter Replaceable Part,Hanging Strap,Available,Secondary
M,624,Meter Replaceable Part,Hanging Strap,Available,Secondary
M,625,Meter Replaceable Part,Hanging Strap,Used,None
M,626,Meter Replaceable Part,Hanging Strap,Used,None
M,627,Meter Replaceable Part,Hanging Strap,Used,None
M,628,Meter Replaceable Part,Hanging Strap,Available,Secondary
M,629,Meter Replaceable Part,Hanging Strap,Available,Secondary
M,630,Meter Replaceable Part,Hanging Strap,Available,Primary
M,631,Meter Replaceable Part,Hanging Strap,Used,None
M,632,Meter Replaceable Part,Hanging Strap,Available,Primary
M,633,Meter Replaceable Part,Hanging Strap,Used,None
M,634,Meter Replaceable Part,Hanging Strap,Used,None
M,635,Meter Replaceable Part,Hanging Strap,Used,None
M,636,Meter Replaceable Part,Hanging Strap,Available,Secondary
M,637,Meter Replaceable Part,Hanging Strap,Used,None
M,638,Meter Replaceable Part,Hanging Strap,Available,Primary
M,639,Meter Replaceable Part,Hanging Strap,Used,None
M,640,Meter Replaceable Part,Hanging Strap,Available,Secondary
M,641,Meter Replaceable Part,Hanging Strap,Available,Primary
M,642,Meter Replaceable Part,Hanging Strap,Available,Primary
M,643,Meter Replaceable Part,Hanging Strap,Used,None
M,644,Meter Replaceable Part,Hanging Strap,Used,None
M,645,Meter Replaceable Part,Hanging Strap,Used,None
M,646,Meter Replaceable Part,Hanging Strap,Used,None
M,647,Meter Replaceable Part,Hanging Strap,Available,Secondary
M,648,Meter Replaceable Part,Hanging Strap,Used,None
M,649,Meter Replaceable Part,Hanging Strap,Used,None
M,650,Meter Replaceable Part,Hanging Strap,Available,Secondary
PWR,1,Power Supply Replacement Part,Power Adapter,Available,Secondary
PWR,2,Power Supply Replacement Part,Power Adapter,Used,None
PWR,3,Power Supply Replacement Part,Power Adapter,Available,Secondary
PWR,4,Power Supply Replacement Part,Power Adapter,Available,Secondary
PWR,5,Power Supply Replacement Part,Power Adapter,Used,None
PWR,6,Power Supply Replacement Part,Power Adapter,Available,Secondary
PWR,7,Power Supply Replacement Part,Power Adapter,Available,Primary
PWR,8,Power Supply Replacement Part,Power Adapter,Used,None
PWR,9,Power Supply Replacement Part,Power Adapter,Available,Secondary
PWR,10,Power Supply Replacement Part,Power Adapter,Used,None
PWR,11,Power Supply Replacement Part,Power Adapter,Used,None
PWR,12,Power Supply Replacement Part,Power Adapter,Available,Primary
PWR,13,Power Supply Replacement Part,Power Adapter,Available,Primary
PWR,14,Power Supply Replacement Part,Power Adapter,Used,None
PWR,15,Power Supply Replacement Part,Power Adapter,Used,None
PWR,16,Power Supply Replacement Part,Power Adapter,Used,None
PWR,17,Power Supply Replacement Part,Power Adapter,Available,Secondary
PWR,18,Power Supply Replacement Part,Power Adapter,Available,Primary
PWR,19,Power Supply Replacement Part,Power Adapter,Used,None
PWR,20,Power Supply Replacement Part,Power Adapter,Used,None
PWR,21,Power Supply Replacement Part,Power Adapter,Available,Primary
PWR,22,Power Supply Replacement Part,Power Adapter,Available,Primary
PWR,23,Power Supply Replacement Part,Power Adapter,Used,None
PWR,24,Power Supply Replacement Part,Power Adapter,Available,Primary
PWR,25,Power Supply Replacement Part,Power Adapter,Available,Primary
PWR,26,Power Supply Replacement Part,Power Adapter,Used,None
PWR,27,Power Supply Replacement Part,Power Adapter,Available,Secondary
PWR,28,Power Supply Replacement Part,Power Adapter,Available,Secondary
PWR,29,Power Supply Replacement Part,Power Adapter,Used,None
PWR,30,Power Supply Replacement Part,Power Adapter,Used,None
PWR,31,Power Supply Replacement Part,Power Adapter,Available,Primary
PWR,32,Power Supply Replacement Part,Power Adapter,Available,Primary
PWR,33,Power Supply Replacement Part,Power Adapter,Available,Secondary
PWR,34,Power Supply Replacement Part,Power Adapter,Used,None
PWR,35,Power Supply Replacement Part,Power Adapter,Used,None
PWR,36,Power Supply Replacement Part,Power Adapter,Used,None
PWR,37,Power Supply Replacement Part,Power Adapter,Available,Secondary
PWR,38,Power Supply Replacement Part,Power Adapter,Used,None
PWR,39,Power Supply Replacement Part,Power Adapter,Available,Primary
PWR,40,Power Supply Replacement Part,Power Adapter,Available,Primary
PWR,41,Power Supply Replacement Part,Power Adapter,Available,Primary
PWR,42,Power Supply Replacement Part,Power Adapter,Used,None
PWR,43,Power Supply Replacement Part,Power Adapter,Used,None
PWR,44,Power Supply Replacement Part,Power Adapter,Available,Primary
PWR,45,Power Supply Replacement Part,Power Adapter,Available,Primary
PWR,46,Power Supply Replacement Part,Power Adapter,Available,Secondary
PWR,47,Power Supply Replacement Part,Power Adapter,Available,Secondary
PWR,48,Power Supply Replacement Part,Power Adapter,Available,Secondary
PWR,49,Power Supply Replacement Part,Power Adapter,Used,None
PWR,50,Power Supply Replacement Part,Power Adapter,Used,None
PWR,51,Power Supply Replacement Part,Power Adapter,Used,None
PWR,52,Power Supply Replacement Part,Power Adapter,Available,Secondary
PWR,53,Power Supply Replacement Part,Power Adapter,Available,Secondary
PWR,54,Power Supply Replacement Part,Power Adapter,Available,Primary
PWR,55,Power Supply Replacement Part,Power Adapter,Used,None
PWR,56,Power Supply Replacement Part,Power Adapter,Available,Primary
PWR,57,Power Supply Replacement Part,Power Adapter,Used,None
PWR,58,Power Supply Replacement Part,Power Adapter,Used,None
PWR,59,Power Supply Replacement Part,Power Adapter,Used,None
PWR,60,Power Supply Replacement Part,Power Adapter,Available,Primary
PWR,61,Power Supply Replacement Part,Power Adapter,Used,None
PWR,62,Power Supply Replacement Part,Power Adapter,Used,None
PWR,63,Power Supply Replacement Part,Power Adapter,Available,Primary
PWR,64,Power Supply Replacement Part,Power Adapter,Available,Primary
PWR,65,Power Supply Replacement Part,Power Adapter,Available,Secondary
PWR,66,Power Supply Replacement Part,Power Adapter,Used,None
PWR,67,Power Supply Replacement Part,Power Adapter,Used,None
PWR,68,Power Supply Replacement Part,Power Adapter,Available,Primary
PWR,69,Power Supply Replacement Part,Power Adapter,Used,None
PWR,70,Power Supply Replacement Part,Power Adapter,Used,None
PWR,71,Power Supply Replacement Part,Power Adapter,Available,Primary
PWR,72,Power Supply Replacement Part,Power Adapter,Used,None
PWR,73,Power Supply Replacement Part,Power Adapter,Available,Secondary
PWR,74,Power Supply Replacement Part,Power Adapter,Available,Secondary
PWR,75,Power Supply Replacement Part,Power Adapter,Available,Primary
PWR,76,Power Supply Replacement Part,Power Adapter,Used,None
PWR,77,Power Supply Replacement Part,Power Adapter,Available,Secondary
PWR,78,Power Supply Replacement Part,Power Adapter,Available,Primary
PWR,79,Power Supply Replacement Part,Power Adapter,Available,Primary
PWR,80,Power Supply Replacement Part,Power Adapter,Available,Secondary
PWR,81,Power Supply Replacement Part,Power Adapter,Available,Secondary
PWR,82,Power Supply Replacement Part,Power Adapter,Available,Primary
PWR,83,Power Supply Replacement Part,Power Adapter,Available,Primary
PWR,84,Power Supply Replacement Part,Power Adapter,Used,None
PWR,85,Power Supply Replacement Part,Power Adapter,Available,Primary
PWR,86,Power Supply Replacement Part,Power Adapter,Available,Primary
PWR,87,Power Supply Replacement Part,Power Adapter,Available,Secondary
PWR,88,Power Supply Replacement Part,Power Adapter,Used,None
PWR,89,Power Supply Replacement Part,Power Adapter,Used,None
PWR,90,Power Supply Replacement Part,Power Adapter,Available,Secondary
PWR,91,Power Supply Replacement Part,Power Adapter,Used,None
PWR,92,Power Supply Replacement Part,Power Adapter,Available,Secondary
PWR,93,Power Supply Replacement Part,Power Adapter,Used,None
PWR,94,Power Supply Replacement Part,Power Adapter,Available,Primary
PWR,95,Power Supply Replacement Part,Power Adapter,Available,Secondary
PWR,96,Power Supply Replacement Part,Power Adapter,Available,Secondary
PWR,97,Power Supply Replacement Part,Power Adapter,Used,None
PWR,98,Power Supply Replacement Part,Power Adapter,Used,None
PWR,99,Power Supply Replacement Part,Power Adapter,Available,Primary
PWR,100,Power Supply Replacement Part,Power Adapter,Available,Secondary
PWR,101,Power Supply Replacement Part,Power Adapter,Available,Primary
PWR,102,Power Supply Replacement Part,Power Adapter,Available,Secondary
PWR,103,Power Supply Replacement Part,Power Adapter,Used,None
PWR,104,Power Supply Replacement Part,Power Adapter,Used,None
PWR,105,Power Supply Replacement Part,Power Adapter,Used,None
PWR,106,Power Supply Replacement Part,Power Adapter,Available,Primary
PWR,107,Power Supply Replacement Part,Power Adapter,Available,Primary
PWR,108,Power Supply Replacement Part,Power Adapter,Available,Primary
PWR,109,Power Supply Replacement Part,Power Adapter,Used,None
PWR,110,Power Supply Replacement Part,Power Adapter,Used,None
PWR,111,Power Supply Replacement Part,Power Adapter,Available,Primary
PWR,112,Power Supply Replacement Part,Power Adapter,Available,Primary
PWR,113,Power Supply Replacement Part,Power Adapter,Used,None
PWR,114,Power Supply Replacement Part,Power Adapter,Available,Primary
PWR,115,Power Supply Replacement Part,Power Adapter,Used,None
PWR,116,Power Supply Replacement Part,Power Adapter,Available,Secondary
PWR,117,Power Supply Replacement Part,Power Adapter,Available,Primary
PWR,118,Power Supply Replacement Part,Power Adapter,Used,None
PWR,119,Power Supply Replacement Part,Power Adapter,Available,Secondary
PWR,120,Power Supply Replacement Part,Power Adapter,Available,Primary
PWR,121,Power Supply Replacement Part,Power Adapter,Used,None
PWR,122,Power Supply Replacement Part,Power Adapter,Used,None
PWR,123,Power Supply Replacement Part,Power Adapter,Available,Primary
PWR,124,Power Supply Replacement Part,Power Adapter,Used,None
PWR,125,Power Supply Replacement Part,Power Adapter,Available,Secondary
PWR,126,Power Supply Replacement Part,Power Adapter,Used,None
PWR,127,Power Supply Replacement Part,Power Adapter,Used,None
PWR,128,Power Supply Replacement Part,Power Adapter,Used,None
PWR,129,Power Supply Replacement Part,Power Adapter,Used,None
PWR,130,Power Supply Replacement Part,Power Adapter,Available,Secondary
PWR,131,Power Supply Replacement Part,Power Adapter,Available,Primary
PWR,132,Power Supply Replacement Part,Power Adapter,Available,Secondary
PWR,133,Power Supply Replacement Part,Power Adapter,Used,None
PWR,134,Power Supply Replacement Part,Power Adapter,Used,None
PWR,135,Power Supply Replacement Part,Power Adapter,Used,None
PWR,136,Power Supply Replacement Part,Power Adapter,Used,None
PWR,137,Power Supply Replacement Part,Power Adapter,Used,None
PWR,138,Power Supply Replacement Part,Power Adapter,Available,Secondary
PWR,139,Power Supply Replacement Part,Power Adapter,Used,None
PWR,140,Power Supply Replacement Part,Power Adapter,Available,Secondary
PWR,141,Power Supply Replacement Part,Power Adapter,Available,Secondary
PWR,142,Power Supply Replacement Part,Power Adapter,Used,None
PWR,143,Power Supply Replacement Part,Power Adapter,Available,Primary
PWR,144,Power Supply Replacement Part,Power Adapter,Used,None
PWR,145,Power Supply Replacement Part,Power Adapter,Available,Primary
PWR,146,Power Supply Replacement Part,Power Adapter,Used,None
PWR,147,Power Supply Replacement Part,Power Adapter,Available,Primary
PWR,148,Power Supply Replacement Part,Power Adapter,Available,Secondary
PWR,149,Power Supply Replacement Part,Power Adapter,Available,Secondary
PWR,150,Power Supply Replacement Part,Power Adapter,Available,Primary
PWR,151,Power Supply Replacement Part,Power Adapter,Used,None
PWR,152,Power Supply Replacement Part,Power Adapter,Used,None
PWR,153,Power Supply Replacement Part,Power Adapter,Used,None
PWR,154,Power Supply Replacement Part,Power Adapter,Used,None
PWR,155,Power Supply Replacement Part,Power Adapter,Available,Primary
PWR,156,Power Supply Replacement Part,Power Adapter,Used,None
PWR,157,Power Supply Replacement Part,Power Adapter,Used,None
PWR,158,Power Supply Replacement Part,Power Adapter,Used,None
PWR,159,Power Supply Replacement Part,Power Adapter,Used,None
PWR,160,Power Supply Replacement Part,Power Adapter,Used,None
PWR,161,Power Supply Replacement Part,Power Adapter,Available,Primary
PWR,162,Power Supply Replacement Part,Power Adapter,Available,Secondary
PWR,163,Power Supply Replacement Part,Power Adapter,Used,None
PWR,164,Power Supply Replacement Part,Power Adapter,Available,Primary
PWR,165,Power Supply Replacement Part,Power Adapter,Available,Secondary
PWR,166,Power Supply Replacement Part,Power Adapter,Used,None
PWR,167,Power Supply Replacement Part,Power Adapter,Available,Primary
PWR,168,Power Supply Replacement Part,Power Adapter,Available,Primary
PWR,169,Power Supply Replacement Part,Power Adapter,Used,None
PWR,170,Power Supply Replacement Part,Power Adapter,Used,None
PWR,171,Power Supply Replacement Part,Power Adapter,Available,Secondary
PWR,172,Power Supply Replacement Part,Power Adapter,Available,Secondary
PWR,173,Power Supply Replacement Part,Power Adapter,Available,Secondary
PWR,174,Power Supply Replacement Part,Power Adapter,Used,None
PWR,175,Power Supply Replacement Part,Power Adapter,Used,None
PWR,176,Power Supply Replacement Part,Power Adapter,Used,None
PWR,177,Power Supply Replacement Part,Power Adapter,Used,None
PWR,178,Power Supply Replacement Part,Power Adapter,Used,None
PWR,179,Power Supply Replacement Part,Power Adapter,Available,Primary
PWR,180,Power Supply Replacement Part,Power Adapter,Available,Secondary
PWR,181,Power Supply Replacement Part,Power Adapter,Used,None
PWR,182,Power Supply Replacement Part,Power Adapter,Available,Secondary
PWR,183,Power Supply Replacement Part,Power Adapter,Used,None
PWR,184,Power Supply Replacement Part,Power Adapter,Used,None
PWR,185,Power Supply Replacement Part,Power Adapter,Used,None
PWR,186,Power Supply Replacement Part,Power Adapter,Available,Secondary
PWR,187,Power Supply Replacement Part,Power Adapter,Available,Secondary
PWR,188,Power Supply Replacement Part,Power Adapter,Used,None
PWR,189,Power Supply Replacement Part,Power Adapter,Available,Primary
PWR,190,Power Supply Replacement Part,Power Adapter,Available,Primary
PWR,191,Power Supply Replacement Part,Power Adapter,Used,None
PWR,192,Power Supply Replacement Part,Power Adapter,Used,None
PWR,193,Power Supply Replacement Part,Power Adapter,Available,Primary
PWR,194,Power Supply Replacement Part,Power Adapter,Available,Secondary
PWR,195,Power Supply Replacement Part,Power Adapter,Used,None
PWR,196,Power Supply Replacement Part,Power Adapter,Used,None
PWR,197,Power Supply Replacement Part,Power Adapter,Used,None
PWR,198,Power Supply Replacement Part,Power Adapter,Used,None
PWR,199,Power Supply Replacement Part,Power Adapter,Used,None
PWR,200,Power Supply Replacement Part,Power Adapter,Available,Secondary
PWR,201,Power Supply Replacement Part,Power Adapter,Used,None
PWR,202,Power Supply Replacement Part,Power Adapter,Available,Secondary
PWR,203,Power Supply Replacement Part,Power Adapter,Available,Primary
PWR,204,Power Supply Replacement Part,Power Adapter,Used,None
PWR,205,Power Supply Replacement Part,Power Adapter,Available,Primary
PWR,206,Power Supply Replacement Part,Power Adapter,Available,Primary
PWR,207,Power Supply Replacement Part,Power Adapter,Available,Secondary
PWR,208,Power Supply Replacement Part,Power Adapter,Available,Secondary
PWR,209,Power Supply Replacement Part,Power Adapter,Used,None
PWR,210,Power Supply Replacement Part,Power Adapter,Used,None
PWR,211,Power Supply Replacement Part,Power Adapter,Available,Primary
PWR,212,Power Supply Replacement Part,Power Adapter,Available,Primary
PWR,213,Power Supply Replacement Part,Power Adapter,Available,Primary
PWR,214,Power Supply Replacement Part,Power Adapter,Available,Primary
PWR,215,Power Supply Replacement Part,Power Adapter,Used,None
PWR,216,Power Supply Replacement Part,Power Adapter,Available,Primary
PWR,217,Power Supply Replacement Part,Power Adapter,Available,Secondary
PWR,218,Power Supply Replacement Part,Power Adapter,Available,Primary
PWR,219,Power Supply Replacement Part,Power Adapter,Used,None
PWR,220,Power Supply Replacement Part,Power Adapter,Used,None
PWR,221,Power Supply Replacement Part,Power Adapter,Used,None
PWR,222,Power Supply Replacement Part,Power Adapter,Used,None
PWR,223,Power Supply Replacement Part,Power Adapter,Used,None
PWR,224,Power Supply Replacement Part,Power Adapter,Available,Primary
PWR,225,Power Supply Replacement Part,Power Adapter,Available,Secondary
PWR,226,Power Supply Replacement Part,Power Adapter,Used,None
PWR,227,Power Supply Replacement Part,Power Adapter,Used,None
PWR,228,Power Supply Replacement Part,Power Adapter,Used,None
PWR,229,Power Supply Replacement Part,Power Adapter,Used,None
PWR,230,Power Supply Replacement Part,Power Adapter,Used,None
PWR,231,Power Supply Replacement Part,Power Adapter,Available,Primary
PWR,232,Power Supply Replacement Part,Power Adapter,Available,Secondary
PWR,233,Power Supply Replacement Part,Power Adapter,Available,Primary
PWR,234,Power Supply Replacement Part,Power Adapter,Available,Primary
PWR,235,Power Supply Replacement Part,Power Adapter,Available,Secondary
PWR,236,Power Supply Replacement Part,Power Adapter,Used,None
PWR,237,Power Supply Replacement Part,Power Adapter,Used,None
PWR,238,Power Supply Replacement Part,Power Adapter,Available,Secondary
PWR,239,Power Supply Replacement Part,Power Adapter,Used,None
PWR,240,Power Supply Replacement Part,Power Adapter,Used,None
PWR,241,Power Supply Replacement Part,Power Adapter,Used,None
PWR,242,Power Supply Replacement Part,Power Adapter,Used,None
PWR,243,Power Supply Replacement Part,Power Adapter,Used,None
PWR,244,Power Supply Replacement Part,Power Adapter,Available,Primary
PWR,245,Power Supply Replacement Part,Power Adapter,Available,Primary
PWR,246,Power Supply Replacement Part,Power Adapter,Available,Primary
PWR,247,Power Supply Replacement Part,Power Adapter,Available,Primary
PWR,248,Power Supply Replacement Part,Power Adapter,Used,None
PWR,249,Power Supply Replacement Part,Power Adapter,Available,Secondary
PWR,250,Power Supply Replacement Part,Power Adapter,Used,None
PWR,251,Power Supply Replacement Part,Power Adapter,Used,None
PWR,252,Power Supply Replacement Part,Power Adapter,Available,Primary
PWR,253,Power Supply Replacement Part,Power Adapter,Available,Secondary
PWR,254,Power Supply Replacement Part,Power Adapter,Available,Primary
PWR,255,Power Supply Replacement Part,Power Adapter,Available,Primary
PWR,256,Power Supply Replacement Part,Power Adapter,Used,None
PWR,257,Power Supply Replacement Part,Power Adapter,Used,None
PWR,258,Power Supply Replacement Part,Power Adapter,Used,None
PWR,259,Power Supply Replacement Part,Power Adapter,Available,Primary
PWR,260,Power Supply Replacement Part,Power Adapter,Available,Primary
PWR,261,Power Supply Replacement Part,Power Adapter,Available,Primary
PWR,262,Power Supply Replacement Part,Power Adapter,Used,None
PWR,263,Power Supply Replacement Part,Power Adapter,Available,Primary
PWR,264,Power Supply Replacement Part,Power Adapter,Available,Primary
PWR,265,Power Supply Replacement Part,Power Adapter,Used,None
PWR,266,Power Supply Replacement Part,Power Adapter,Available,Secondary
PWR,267,Power Supply Replacement Part,Power Adapter,Available,Primary
PWR,268,Power Supply Replacement Part,Power Adapter,Used,None
PWR,269,Power Supply Replacement Part,Power Adapter,Used,None
PWR,270,Power Supply Replacement Part,Power Adapter,Used,None
PWR,271,Power Supply Replacement Part,Power Adapter,Used,None
PWR,272,Power Supply Replacement Part,Power Adapter,Available,Secondary
PWR,273,Power Supply Replacement Part,Power Adapter,Used,None
PWR,274,Power Supply Replacement Part,Power Adapter,Available,Primary
PWR,275,Power Supply Replacement Part,Power Adapter,Used,None
PWR,276,Power Supply Replacement Part,Power Adapter,Available,Primary
PWR,277,Power Supply Replacement Part,Power Adapter,Available,Secondary
PWR,278,Power Supply Replacement Part,Power Adapter,Used,None
PWR,279,Power Supply Replacement Part,Power Adapter,Available,Secondary
PWR,280,Power Supply Replacement Part,Power Adapter,Used,None
PWR,281,Power Supply Replacement Part,Power Adapter,Used,None
PWR,282,Power Supply Replacement Part,Power Adapter,Available,Secondary
PWR,283,Power Supply Replacement Part,Power Adapter,Available,Primary
PWR,284,Power Supply Replacement Part,Power Adapter,Used,None
PWR,285,Power Supply Replacement Part,Power Adapter,Used,None
PWR,286,Power Supply Replacement Part,Power Adapter,Available,Primary
PWR,287,Power Supply Replacement Part,Power Adapter,Used,None
PWR,288,Power Supply Replacement Part,Power Adapter,Used,None
PWR,289,Power Supply Replacement Part,Power Adapter,Available,Secondary
PWR,290,Power Supply Replacement Part,Power Adapter,Used,None
PWR,291,Power Supply Replacement Part,Power Adapter,Used,None
PWR,292,Power Supply Replacement Part,Power Adapter,Available,Secondary
PWR,293,Power Supply Replacement Part,Power Adapter,Used,None
PWR,294,Power Supply Replacement Part,Power Adapter,Available,Primary
PWR,295,Power Supply Replacement Part,Power Adapter,Available,Primary
PWR,296,Power Supply Replacement Part,Power Adapter,Used,None
PWR,297,Power Supply Replacement Part,Power Adapter,Used,None
PWR,298,Power Supply Replacement Part,Power Adapter,Used,None
PWR,299,Power Supply Replacement Part,Power Adapter,Available,Secondary
PWR,300,Power Supply Replacement Part,Power Adapter,Available,Secondary
PWR,301,Power Supply Replacement Part,Power Adapter,Available,Primary
PWR,302,Power Supply Replacement Part,Power Adapter,Available,Secondary
PWR,303,Power Supply Replacement Part,Power Adapter,Used,None
PWR,304,Power Supply Replacement Part,Power Adapter,Available,Secondary
PWR,305,Power Supply Replacement Part,Power Adapter,Used,None
PWR,306,Power Supply Replacement Part,Power Adapter,Available,Secondary
PWR,307,Power Supply Replacement Part,Power Adapter,Available,Secondary
PWR,308,Power Supply Replacement Part,Power Adapter,Used,None
PWR,309,Power Supply Replacement Part,Power Adapter,Used,None
PWR,310,Power Supply Replacement Part,Power Adapter,Available,Primary
PWR,311,Power Supply Replacement Part,Power Adapter,Used,None
PWR,312,Power Supply Replacement Part,Power Adapter,Used,None
PWR,313,Power Supply Replacement Part,Power Adapter,Available,Primary
PWR,314,Power Supply Replacement Part,Power Adapter,Available,Secondary
PWR,315,Power Supply Replacement Part,Power Adapter,Used,None
PWR,316,Power Supply Replacement Part,Power Adapter,Used,None
PWR,317,Power Supply Replacement Part,Power Adapter,Used,None
PWR,318,Power Supply Replacement Part,Power Adapter,Used,None
PWR,319,Power Supply Replacement Part,Power Adapter,Used,None
PWR,320,Power Supply Replacement Part,Power Adapter,Used,None
PWR,321,Power Supply Replacement Part,Power Adapter,Used,None
PWR,322,Power Supply Replacement Part,Power Adapter,Used,None
PWR,323,Power Supply Replacement Part,Power Adapter,Used,None
PWR,324,Power Supply Replacement Part,Power Adapter,Available,Primary
PWR,325,Power Supply Replacement Part,Power Adapter,Available,Primary
PWR,326,Power Supply Replacement Part,Power Adapter,Used,None
PWR,327,Power Supply Replacement Part,Power Adapter,Available,Primary
PWR,328,Power Supply Replacement Part,Power Adapter,Used,None
PWR,329,Power Supply Replacement Part,Power Adapter,Used,None
PWR,330,Power Supply Replacement Part,Power Adapter,Available,Primary
PWR,331,Power Supply Replacement Part,Power Adapter,Used,None
PWR,332,Power Supply Replacement Part,Power Adapter,Available,Secondary
PWR,333,Power Supply Replacement Part,Power Adapter,Available,Secondary
PWR,334,Power Supply Replacement Part,Power Adapter,Available,Primary
PWR,335,Power Supply Replacement Part,Power Adapter,Available,Primary
PWR,336,Power Supply Replacement Part,Power Adapter,Used,None
PWR,337,Power Supply Replacement Part,Power Adapter,Available,Primary
PWR,338,Power Supply Replacement Part,Power Adapter,Available,Secondary
PWR,339,Power Supply Replacement Part,Power Adapter,Available,Primary
PWR,340,Power Supply Replacement Part,Power Adapter,Used,None
PWR,341,Power Supply Replacement Part,Power Adapter,Used,None
PWR,342,Power Supply Replacement Part,Power Adapter,Available,Secondary
PWR,343,Power Supply Replacement Part,Power Adapter,Used,None
PWR,344,Power Supply Replacement Part,Power Adapter,Available,Secondary
PWR,345,Power Supply Replacement Part,Power Adapter,Used,None
PWR,346,Power Supply Replacement Part,Power Adapter,Available,Primary
PWR,347,Power Supply Replacement Part,Power Adapter,Used,None
PWR,348,Power Supply Replacement Part,Power Adapter,Available,Secondary
PWR,349,Power Supply Replacement Part,Power Adapter,Available,Secondary
PWR,350,Power Supply Replacement Part,Power Adapter,Available,Secondary
PWR,351,Power Supply Replacement Part,Power Adapter,Available,Primary
PWR,352,Power Supply Replacement Part,Power Adapter,Available,Secondary
PWR,353,Power Supply Replacement Part,Power Adapter,Used,None
PWR,354,Power Supply Replacement Part,Power Adapter,Used,None
PWR,355,Power Supply Replacement Part,Power Adapter,Used,None
PWR,356,Power Supply Replacement Part,Power Adapter,Available,Secondary
PWR,357,Power Supply Replacement Part,Power Adapter,Available,Secondary
PWR,358,Power Supply Replacement Part,Power Adapter,Available,Primary
PWR,359,Power Supply Replacement Part,Power Adapter,Used,None
PWR,360,Power Supply Replacement Part,Power Adapter,Available,Primary
PWR,361,Power Supply Replacement Part,Power Adapter,Available,Secondary
PWR,362,Power Supply Replacement Part,Power Adapter,Available,Secondary
PWR,363,Power Supply Replacement Part,Power Adapter,Used,None
PWR,364,Power Supply Replacement Part,Power Adapter,Available,Primary
PWR,365,Power Supply Replacement Part,Power Adapter,Used,None
PWR,366,Power Supply Replacement Part,Power Adapter,Used,None
PWR,367,Power Supply Replacement Part,Power Adapter,Used,None
PWR,368,Power Supply Replacement Part,Power Adapter,Available,Primary
PWR,369,Power Supply Replacement Part,Power Adapter,Used,None
PWR,370,Power Supply Replacement Part,Power Adapter,Available,Secondary
PWR,371,Power Supply Replacement Part,Power Adapter,Used,None
PWR,372,Power Supply Replacement Part,Power Adapter,Available,Primary
PWR,373,Power Supply Replacement Part,Power Adapter,Available,Secondary
PWR,374,Power Supply Replacement Part,Power Adapter,Used,None
PWR,375,Power Supply Replacement Part,Power Adapter,Available,Primary
PWR,376,Power Supply Replacement Part,Power Adapter,Available,Secondary
PWR,377,Power Supply Replacement Part,Power Adapter,Used,None
PWR,378,Power Supply Replacement Part,Power Adapter,Used,None
PWR,379,Power Supply Replacement Part,Power Adapter,Used,None
PWR,380,Power Supply Replacement Part,Power Adapter,Available,Secondary
PWR,381,Power Supply Replacement Part,Power Adapter,Used,None
PWR,382,Power Supply Replacement Part,Power Adapter,Available,Primary
PWR,383,Power Supply Replacement Part,Power Adapter,Used,None
PWR,384,Power Supply Replacement Part,Power Adapter,Available,Primary
PWR,385,Power Supply Replacement Part,Power Adapter,Used,None
PWR,386,Power Supply Replacement Part,Power Adapter,Used,None
PWR,387,Power Supply Replacement Part,Power Adapter,Used,None
PWR,388,Power Supply Replacement Part,Power Adapter,Available,Primary
PWR,389,Power Supply Replacement Part,Power Adapter,Available,Primary
PWR,390,Power Supply Replacement Part,Power Adapter,Available,Secondary
PWR,391,Power Supply Replacement Part,Power Adapter,Available,Primary
PWR,392,Power Supply Replacement Part,Power Adapter,Used,None
PWR,393,Power Supply Replacement Part,Power Adapter,Used,None
PWR,394,Power Supply Replacement Part,Power Adapter,Used,None
PWR,395,Power Supply Replacement Part,Power Adapter,Used,None
PWR,396,Power Supply Replacement Part,Power Adapter,Used,None
PWR,397,Power Supply Replacement Part,Power Adapter,Used,None
PWR,398,Power Supply Replacement Part,Power Adapter,Available,Secondary
PWR,399,Power Supply Replacement Part,Power Adapter,Used,None
PWR,400,Power Supply Replacement Part,Power Adapter,Used,None
PWR,401,Power Supply Replacement Part,Power Adapter,Used,None
PWR,402,Power Supply Replacement Part,Power Adapter,Used,None
PWR,403,Power Supply Replacement Part,Power Adapter,Available,Primary
PWR,404,Power Supply Replacement Part,Power Adapter,Available,Secondary
PWR,405,Power Supply Replacement Part,Power Adapter,Used,None
PWR,406,Power Supply Replacement Part,Power Adapter,Used,None
PWR,407,Power Supply Replacement Part,Power Adapter,Available,Primary
PWR,408,Power Supply Replacement Part,Power Adapter,Used,None
PWR,409,Power Supply Replacement Part,Power Adapter,Used,None
PWR,410,Power Supply Replacement Part,Power Adapter,Available,Primary
PWR,411,Power Supply Replacement Part,Power Adapter,Used,None
PWR,412,Power Supply Replacement Part,Power Adapter,Used,None
PWR,413,Power Supply Replacement Part,Power Adapter,Available,Secondary
PWR,414,Power Supply Replacement Part,Power Adapter,Used,None
PWR,415,Power Supply Replacement Part,Power Adapter,Available,Primary
PWR,416,Power Supply Replacement Part,Power Adapter,Available,Primary
PWR,417,Power Supply Replacement Part,Power Adapter,Used,None
PWR,418,Power Supply Replacement Part,Power Adapter,Used,None
PWR,419,Power Supply Replacement Part,Power Adapter,Available,Secondary
PWR,420,Power Supply Replacement Part,Power Adapter,Available,Primary
PWR,421,Power Supply Replacement Part,Power Adapter,Available,Primary
PWR,422,Power Supply Replacement Part,Power Adapter,Used,None
PWR,423,Power Supply Replacement Part,Power Adapter,Used,None
PWR,424,Power Supply Replacement Part,Power Adapter,Used,None
PWR,425,Power Supply Replacement Part,Power Adapter,Available,Primary
PWR,426,Power Supply Replacement Part,Power Adapter,Available,Secondary
PWR,427,Power Supply Replacement Part,Power Adapter,Available,Primary
PWR,428,Power Supply Replacement Part,Power Adapter,Available,Secondary
PWR,429,Power Supply Replacement Part,Power Adapter,Available,Secondary
PWR,430,Power Supply Replacement Part,Power Adapter,Used,None
PWR,431,Power Supply Replacement Part,Power Adapter,Available,Secondary
PWR,432,Power Supply Replacement Part,Power Adapter,Available,Primary
PWR,433,Power Supply Replacement Part,Power Adapter,Used,None
PWR,434,Power Supply Replacement Part,Power Adapter,Used,None
PWR,435,Power Supply Replacement Part,Power Adapter,Available,Secondary
PWR,436,Power Supply Replacement Part,Power Adapter,Available,Primary
PWR,437,Power Supply Replacement Part,Power Adapter,Available,Primary
PWR,438,Power Supply Replacement Part,Power Adapter,Available,Secondary
PWR,439,Power Supply Replacement Part,Power Adapter,Available,Primary
PWR,440,Power Supply Replacement Part,Power Adapter,Used,None
PWR,441,Power Supply Replacement Part,Power Adapter,Used,None
PWR,442,Power Supply Replacement Part,Power Adapter,Used,None
PWR,443,Power Supply Replacement Part,Power Adapter,Available,Secondary
PWR,444,Power Supply Replacement Part,Power Adapter,Available,Secondary
PWR,445,Power Supply Replacement Part,Power Adapter,Available,Primary
PWR,446,Power Supply Replacement Part,Power Adapter,Available,Primary
PWR,447,Power Supply Replacement Part,Power Adapter,Used,None
PWR,448,Power Supply Replacement Part,Power Adapter,Used,None
PWR,449,Power Supply Replacement Part,Power Adapter,Available,Primary
PWR,450,Power Supply Replacement Part,Power Adapter,Used,None
PWR,451,Power Supply Replacement Part,Power Adapter,Available,Secondary
PWR,452,Power Supply Replacement Part,Power Adapter,Available,Primary
PWR,453,Power Supply Replacement Part,Power Adapter,Used,None
PWR,454,Power Supply Replacement Part,Power Adapter,Available,Primary
PWR,455,Power Supply Replacement Part,Power Adapter,Used,None
PWR,456,Power Supply Replacement Part,Power Adapter,Used,None
PWR,457,Power Supply Replacement Part,Power Adapter,Available,Secondary
PWR,458,Power Supply Replacement Part,Power Adapter,Used,None
PWR,459,Power Supply Replacement Part,Power Adapter,Available,Primary
PWR,460,Power Supply Replacement Part,Power Adapter,Available,Primary
PWR,461,Power Supply Replacement Part,Power Adapter,Available,Secondary
PWR,462,Power Supply Replacement Part,Power Adapter,Used,None
PWR,463,Power Supply Replacement Part,Power Adapter,Available,Primary
PWR,464,Power Supply Replacement Part,Power Adapter,Used,None
PWR,465,Power Supply Replacement Part,Power Adapter,Used,None
PWR,466,Power Supply Replacement Part,Power Adapter,Used,None
PWR,467,Power Supply Replacement Part,Power Adapter,Available,Primary
PWR,468,Power Supply Replacement Part,Power Adapter,Used,None
PWR,469,Power Supply Replacement Part,Power Adapter,Used,None
PWR,470,Power Supply Replacement Part,Power Adapter,Available,Primary
PWR,471,Power Supply Replacement Part,Power Adapter,Available,Primary
PWR,472,Power Supply Replacement Part,Power Adapter,Available,Secondary
PWR,473,Power Supply Replacement Part,Power Adapter,Available,Primary
PWR,474,Power Supply Replacement Part,Power Adapter,Available,Primary
PWR,475,Power Supply Replacement Part,Power Adapter,Used,None
PWR,476,Power Supply Replacement Part,Power Adapter,Used,None
PWR,477,Power Supply Replacement Part,Power Adapter,Available,Primary
PWR,478,Power Supply Replacement Part,Power Adapter,Available,Primary
PWR,479,Power Supply Replacement Part,Power Adapter,Available,Primary
PWR,480,Power Supply Replacement Part,Power Adapter,Used,None
PWR,481,Power Supply Replacement Part,Power Adapter,Used,None
PWR,482,Power Supply Replacement Part,Power Adapter,Used,None
PWR,483,Power Supply Replacement Part,Power Adapter,Available,Secondary
PWR,484,Power Supply Replacement Part,Power Adapter,Used,None
PWR,485,Power Supply Replacement Part,Power Adapter,Used,None
PWR,486,Power Supply Replacement Part,Power Adapter,Used,None
PWR,487,Power Supply Replacement Part,Power Adapter,Used,None
PWR,488,Power Supply Replacement Part,Power Adapter,Used,None
PWR,489,Power Supply Replacement Part,Power Adapter,Available,Secondary
PWR,490,Power Supply Replacement Part,Power Adapter,Used,None
PWR,491,Power Supply Replacement Part,Power Adapter,Used,None
PWR,492,Power Supply Replacement Part,Power Adapter,Used,None
PWR,493,Power Supply Replacement Part,Power Adapter,Available,Secondary
PWR,494,Power Supply Replacement Part,Power Adapter,Used,None
PWR,495,Power Supply Replacement Part,Power Adapter,Available,Primary
PWR,496,Power Supply Replacement Part,Power Adapter,Used,None
PWR,497,Power Supply Replacement Part,Power Adapter,Available,Primary
PWR,498,Power Supply Replacement Part,Power Adapter,Available,Primary
PWR,499,Power Supply Replacement Part,Power Adapter,Used,None
PWR,500,Power Supply Replacement Part,Power Adapter,Available,Secondary
PWR,501,Power Supply Replacement Part,Power Adapter,Used,None
PWR,502,Power Supply Replacement Part,Power Adapter,Used,None
PWR,503,Power Supply Replacement Part,Power Adapter,Available,Secondary
PWR,504,Power Supply Replacement Part,Power Adapter,Available,Secondary
PWR,505,Power Supply Replacement Part,Power Adapter,Used,None
PWR,506,Power Supply Replacement Part,Power Adapter,Available,Secondary
PWR,507,Power Supply Replacement Part,Power Adapter,Used,None
PWR,508,Power Supply Replacement Part,Power Adapter,Available,Primary
PWR,509,Power Supply Replacement Part,Power Adapter,Available,Secondary
PWR,510,Power Supply Replacement Part,Power Adapter,Used,None
PWR,511,Power Supply Replacement Part,Power Adapter,Available,Secondary
PWR,512,Power Supply Replacement Part,Power Adapter,Available,Secondary
PWR,513,Power Supply Replacement Part,Power Adapter,Used,None
PWR,514,Power Supply Replacement Part,Power Adapter,Used,None
PWR,515,Power Supply Replacement Part,Power Adapter,Used,None
PWR,516,Power Supply Replacement Part,Power Adapter,Available,Primary
PWR,517,Power Supply Replacement Part,Power Adapter,Used,None
PWR,518,Power Supply Replacement Part,Power Adapter,Used,None
PWR,519,Power Supply Replacement Part,Power Adapter,Used,None
PWR,520,Power Supply Replacement Part,Power Adapter,Used,None
PWR,521,Power Supply Replacement Part,Power Adapter,Available,Primary
PWR,522,Power Supply Replacement Part,Power Adapter,Available,Secondary
PWR,523,Power Supply Replacement Part,Power Adapter,Used,None
PWR,524,Power Supply Replacement Part,Power Adapter,Used,None
PWR,525,Power Supply Replacement Part,Power Adapter,Used,None
PWR,526,Power Supply Replacement Part,Power Adapter,Available,Secondary
PWR,527,Power Supply Replacement Part,Power Adapter,Available,Secondary
PWR,528,Power Supply Replacement Part,Power Adapter,Used,None
PWR,529,Power Supply Replacement Part,Power Adapter,Used,None
PWR,530,Power Supply Replacement Part,Power Adapter,Used,None
PWR,531,Power Supply Replacement Part,Power Adapter,Used,None
PWR,532,Power Supply Replacement Part,Power Adapter,Available,Primary
PWR,533,Power Supply Replacement Part,Power Adapter,Used,None
PWR,534,Power Supply Replacement Part,Power Adapter,Used,None
PWR,535,Power Supply Replacement Part,Power Adapter,Available,Secondary
PWR,536,Power Supply Replacement Part,Power Adapter,Available,Primary
PWR,537,Power Supply Replacement Part,Power Adapter,Available,Primary
PWR,538,Power Supply Replacement Part,Power Adapter,Available,Primary
PWR,539,Power Supply Replacement Part,Power Adapter,Used,None
PWR,540,Power Supply Replacement Part,Power Adapter,Available,Primary
PWR,541,Power Supply Replacement Part,Power Adapter,Used,None
PWR,542,Power Supply Replacement Part,Power Adapter,Available,Primary
PWR,543,Power Supply Replacement Part,Power Adapter,Used,None
PWR,544,Power Supply Replacement Part,Power Adapter,Available,Primary
PWR,545,Power Supply Replacement Part,Power Adapter,Available,Secondary
PWR,546,Power Supply Replacement Part,Power Adapter,Available,Secondary
PWR,547,Power Supply Replacement Part,Power Adapter,Available,Primary
PWR,548,Power Supply Replacement Part,Power Adapter,Used,None
PWR,549,Power Supply Replacement Part,Power Adapter,Used,None
PWR,550,Power Supply Replacement Part,Power Adapter,Used,None
PWR,551,Power Supply Replacement Part,Power Adapter,Used,None
PWR,552,Power Supply Replacement Part,Power Adapter,Available,Secondary
PWR,553,Power Supply Replacement Part,Power Adapter,Used,None
PWR,554,Power Supply Replacement Part,Power Adapter,Used,None
PWR,555,Power Supply Replacement Part,Power Adapter,Used,None
PWR,556,Power Supply Replacement Part,Power Adapter,Used,None
PWR,557,Power Supply Replacement Part,Power Adapter,Used,None
PWR,558,Power Supply Replacement Part,Power Adapter,Used,None
PWR,559,Power Supply Replacement Part,Power Adapter,Used,None
PWR,560,Power Supply Replacement Part,Power Adapter,Used,None
PWR,561,Power Supply Replacement Part,Power Adapter,Available,Secondary
PWR,562,Power Supply Replacement Part,Power Adapter,Used,None
PWR,563,Power Supply Replacement Part,Power Adapter,Used,None
PWR,564,Power Supply Replacement Part,Power Adapter,Used,None
PWR,565,Power Supply Replacement Part,Power Adapter,Available,Secondary
PWR,566,Power Supply Replacement Part,Power Adapter,Available,Secondary
PWR,567,Power Supply Replacement Part,Power Adapter,Available,Primary
PWR,568,Power Supply Replacement Part,Power Adapter,Used,None
PWR,569,Power Supply Replacement Part,Power Adapter,Used,None
PWR,570,Power Supply Replacement Part,Power Adapter,Available,Secondary
PWR,571,Power Supply Replacement Part,Power Adapter,Used,None
PWR,572,Power Supply Replacement Part,Power Adapter,Used,None
PWR,573,Power Supply Replacement Part,Power Adapter,Available,Primary
PWR,574,Power Supply Replacement Part,Power Adapter,Used,None
PWR,575,Power Supply Replacement Part,Power Adapter,Used,None
PWR,576,Power Supply Replacement Part,Power Adapter,Used,None
PWR,577,Power Supply Replacement Part,Power Adapter,Used,None
PWR,578,Power Supply Replacement Part,Power Adapter,Available,Primary
PWR,579,Power Supply Replacement Part,Power Adapter,Used,None
PWR,580,Power Supply Replacement Part,Power Adapter,Used,None
PWR,581,Power Supply Replacement Part,Power Adapter,Available,Primary
PWR,582,Power Supply Replacement Part,Power Adapter,Used,None
PWR,583,Power Supply Replacement Part,Power Adapter,Available,Secondary
PWR,584,Power Supply Replacement Part,Power Adapter,Used,None
PWR,585,Power Supply Replacement Part,Power Adapter,Used,None
PWR,586,Power Supply Replacement Part,Power Adapter,Available,Secondary
PWR,587,Power Supply Replacement Part,Power Adapter,Used,None
PWR,588,Power Supply Replacement Part,Power Adapter,Used,None
PWR,589,Power Supply Replacement Part,Power Adapter,Used,None
PWR,590,Power Supply Replacement Part,Power Adapter,Used,None
PWR,591,Power Supply Replacement Part,Power Adapter,Used,None
PWR,592,Power Supply Replacement Part,Power Adapter,Used,None
PWR,593,Power Supply Replacement Part,Power Adapter,Available,Primary
PWR,594,Power Supply Replacement Part,Power Adapter,Used,None
PWR,595,Power Supply Replacement Part,Power Adapter,Used,None
PWR,596,Power Supply Replacement Part,Power Adapter,Used,None
PWR,597,Power Supply Replacement Part,Power Adapter,Used,None
PWR,598,Power Supply Replacement Part,Power Adapter,Available,Primary
PWR,599,Power Supply Replacement Part,Power Adapter,Available,Secondary
PWR,600,Power Supply Replacement Part,Power Adapter,Used,None
PWR,601,Power Supply Replacement Part,Power Adapter,Used,None
PWR,602,Power Supply Replacement Part,Power Adapter,Used,None
PWR,603,Power Supply Replacement Part,Power Adapter,Available,Primary
PWR,604,Power Supply Replacement Part,Power Adapter,Used,None
PWR,605,Power Supply Replacement Part,Power Adapter,Used,None
PWR,606,Power Supply Replacement Part,Power Adapter,Available,Secondary
PWR,607,Power Supply Replacement Part,Power Adapter,Available,Secondary
PWR,608,Power Supply Replacement Part,Power Adapter,Used,None
PWR,609,Power Supply Replacement Part,Power Adapter,Used,None
PWR,610,Power Supply Replacement Part,Power Adapter,Used,None
PWR,611,Power Supply Replacement Part,Power Adapter,Used,None
PWR,612,Power Supply Replacement Part,Power Adapter,Used,None
PWR,613,Power Supply Replacement Part,Power Adapter,Used,None
PWR,614,Power Supply Replacement Part,Power Adapter,Available,Secondary
PWR,615,Power Supply Replacement Part,Power Adapter,Used,None
PWR,616,Power Supply Replacement Part,Power Adapter,Available,Secondary
PWR,617,Power Supply Replacement Part,Power Adapter,Available,Secondary
PWR,618,Power Supply Replacement Part,Power Adapter,Used,None
PWR,619,Power Supply Replacement Part,Power Adapter,Used,None
PWR,620,Power Supply Replacement Part,Power Adapter,Available,Secondary
PWR,621,Power Supply Replacement Part,Power Adapter,Used,None
PWR,622,Power Supply Replacement Part,Power Adapter,Available,Primary
PWR,623,Power Supply Replacement Part,Power Adapter,Used,None
PWR,624,Power Supply Replacement Part,Power Adapter,Used,None
PWR,625,Power Supply Replacement Part,Power Adapter,Used,None
PWR,626,Power Supply Replacement Part,Power Adapter,Used,None
PWR,627,Power Supply Replacement Part,Power Adapter,Available,Secondary
PWR,628,Power Supply Replacement Part,Power Adapter,Available,Primary
PWR,629,Power Supply Replacement Part,Power Adapter,Used,None
PWR,630,Power Supply Replacement Part,Power Adapter,Used,None
PWR,631,Power Supply Replacement Part,Power Adapter,Used,None
PWR,632,Power Supply Replacement Part,Power Adapter,Used,None
PWR,633,Power Supply Replacement Part,Power Adapter,Used,None
PWR,634,Power Supply Replacement Part,Power Adapter,Used,None
PWR,635,Power Supply Replacement Part,Power Adapter,Available,Secondary
PWR,636,Power Supply Replacement Part,Power Adapter,Used,None
PWR,637,Power Supply Replacement Part,Power Adapter,Used,None
PWR,638,Power Supply Replacement Part,Power Adapter,Used,None
PWR,639,Power Supply Replacement Part,Power Adapter,Used,None
PWR,640,Power Supply Replacement Part,Power Adapter,Used,None
PWR,641,Power Supply Replacement Part,Power Adapter,Used,None
PWR,642,Power Supply Replacement Part,Power Adapter,Used,None
PWR,643,Power Supply Replacement Part,Power Adapter,Used,None
PWR,644,Power Supply Replacement Part,Power Adapter,Used,None
PWR,645,Power Supply Replacement Part,Power Adapter,Available,Primary
PWR,646,Power Supply Replacement Part,Power Adapter,Used,None
PWR,647,Power Supply Replacement Part,Power Adapter,Available,Primary
PWR,648,Power Supply Replacement Part,Power Adapter,Available,Primary
PWR,649,Power Supply Replacement Part,Power Adapter,Used,None
PWR,650,Power Supply Replacement Part,Power Adapter,Used,None
